KRC SKU	Description	COLLECTION NAME	Handle
AD-620 1014	rug	ANDES	andes-rug
AD-620 23	rug	ANDES	
AD-620 2610	rug	ANDES	
AD-620 46	rug	ANDES	
AD-620 69	rug	ANDES	
AD-620 810	rug	ANDES	
AD-620 912	rug	ANDES	
AD-621 1014	rug	ANDES	
AD-621 23	rug	ANDES	
AD-621 2610	rug	ANDES	
AD-621 46	rug	ANDES	
AD-621 69	rug	ANDES	
AD-621 810	rug	ANDES	
AD-621 912	rug	ANDES	
AD-622 1014	rug	ANDES	
AD-622 23	rug	ANDES	
AD-622 2610	rug	ANDES	
AD-622 46	rug	ANDES	
AD-622 69	rug	ANDES	
AD-622 810	rug	ANDES	
AD-622 912	rug	ANDES	
AD-623 1014	rug	ANDES	
AD-623 23	rug	ANDES	
AD-623 2610	rug	ANDES	
AD-623 46	rug	ANDES	
AD-623 69	rug	ANDES	
AD-623 810	rug	ANDES	
AD-623 912	rug	ANDES	
AD-624 1014	rug	ANDES	
AD-624 23	rug	ANDES	
AD-624 2610	rug	ANDES	
AD-624 46	rug	ANDES	
AD-624 69	rug	ANDES	
AD-624 810	rug	ANDES	
AD-624 912	rug	ANDES	
AD-625 1014	rug	ANDES	
AD-625 23	rug	ANDES	
AD-625 2610	rug	ANDES	
AD-625 46	rug	ANDES	
AD-625 69	rug	ANDES	
AD-625 810	rug	ANDES	
AD-625 912	rug	ANDES	
AE-245 1014	rug	AERO	
AE-245 23	rug	AERO	
AE-245 2610	rug	AERO	
AE-245 46	rug	AERO	
AE-245 69	rug	AERO	
AE-245 810	rug	AERO	
AE-245 912	rug	AERO	
AE-246 1014	rug	AERO	
AE-246 23	rug	AERO	
AE-246 2610	rug	AERO	
AE-246 46	rug	AERO	
AE-246 69	rug	AERO	
AE-246 810	rug	AERO	
AE-246 912	rug	AERO	
AE-247 1014	rug	AERO	
AE-247 23	rug	AERO	
AE-247 2610	rug	AERO	
AE-247 46	rug	AERO	
AE-247 69	rug	AERO	
AE-247 810	rug	AERO	
AE-247 912	rug	AERO	
AE-248 1014	rug	AERO	
AE-248 23	rug	AERO	
AE-248 2610	rug	AERO	
AE-248 46	rug	AERO	
AE-248 69	rug	AERO	
AE-248 810	rug	AERO	
AE-248 912	rug	AERO	
AE-249 1014	rug	AERO	
AE-249 23	rug	AERO	
AE-249 2610	rug	AERO	
AE-249 46	rug	AERO	
AE-249 69	rug	AERO	
AE-249 810	rug	AERO	
AE-249 912	rug	AERO	
AE-250 1014	rug	AERO	
AE-250 23	rug	AERO	
AE-250 2610	rug	AERO	
AE-250 46	rug	AERO	
AE-250 69	rug	AERO	
AE-250 810	rug	AERO	
AE-250 912	rug	AERO	
AG-330 69	rug	AGRA	
AG-330 810	rug	AGRA	
AG-330 912	rug	AGRA	
AG-331 46	rug	AGRA	
AG-331 69	rug	AGRA	
AG-333 69	rug	AGRA	
AG-344 69	rug	AGRA	
AG-344 810	rug	AGRA	
AL-637 1215	rug	ALLEGRO	
AL-637 23	rug	ALLEGRO	
AL-637 2610	rug	ALLEGRO	
AL-637 268	rug	ALLEGRO	
AL-637 35	rug	ALLEGRO	
AL-637 46	rug	ALLEGRO	
AL-637 69	rug	ALLEGRO	
AL-642 1014	rug	ALLEGRO	
AL-642 1215	rug	ALLEGRO	
AL-642 23	rug	ALLEGRO	
AL-642 2610	rug	ALLEGRO	
AL-642 2612	rug	ALLEGRO	
AL-642 268	rug	ALLEGRO	
AL-642 35	rug	ALLEGRO	
AL-642 46	rug	ALLEGRO	
AL-642 69	rug	ALLEGRO	
AL-642 810	rug	ALLEGRO	
AL-642 912	rug	ALLEGRO	
AL-648 1014	rug	ALLEGRO	
AL-648 1215	rug	ALLEGRO	
AL-648 23	rug	ALLEGRO	
AL-648 2610	rug	ALLEGRO	
AL-648 2612	rug	ALLEGRO	
AL-648 268	rug	ALLEGRO	
AL-648 35	rug	ALLEGRO	
AL-648 46	rug	ALLEGRO	
AL-648 69	rug	ALLEGRO	
AL-648 912	rug	ALLEGRO	
AR-950 1218	rug	ANGORA	
AR-950 2612	rug	ANGORA	
AR-950 35	rug	ANGORA	
AR-950 69	rug	ANGORA	
AR-951 2610	rug	ANGORA	
AR-952 1215	rug	ANGORA	
AR-952 1218	rug	ANGORA	
AR-952 23	rug	ANGORA	
AR-952 35	rug	ANGORA	
AR-952 46	rug	ANGORA	
AR-952 69	rug	ANGORA	
AR-953 1215	rug	ANGORA	
AR-953 23	rug	ANGORA	
AR-953 35	rug	ANGORA	
AR-953 46	rug	ANGORA	
AR-953 69	rug	ANGORA	
AR-953 912	rug	ANGORA	
AR-954 1014	rug	ANGORA	
AR-954 1116	rug	ANGORA	
AR-954 1215	rug	ANGORA	
AR-954 1218	rug	ANGORA	
AR-954 23	rug	ANGORA	
AR-954 2610	rug	ANGORA	
AR-954 2612	rug	ANGORA	
AR-954 268	rug	ANGORA	
AR-955 2612	rug	ANGORA	
AR-955 46	rug	ANGORA	
AR-955 69	rug	ANGORA	
AR-956 23	rug	ANGORA	
AR-956 2610	rug	ANGORA	
AR-956 268	rug	ANGORA	
AR-956 46	rug	ANGORA	
AR-957 1215	rug	ANGORA	
AR-957 2610	rug	ANGORA	
AR-957 268	rug	ANGORA	
AR-957 35	rug	ANGORA	
AR-957 46	rug	ANGORA	
AR-957 69	rug	ANGORA	
AR-957 810	rug	ANGORA	
AR-957 912	rug	ANGORA	
AR-958 2610	rug	ANGORA	
AR-958 46	rug	ANGORA	
AR-958 69	rug	ANGORA	
AR-959 23	rug	ANGORA	
AR-959 2610	rug	ANGORA	
AR-959 69	rug	ANGORA	
AR-960 1116	rug	ANGORA	
AR-960 23	rug	ANGORA	
AR-960 268	rug	ANGORA	
AR-960 46	rug	ANGORA	
AR-960 69	rug	ANGORA	
AR-960 810	rug	ANGORA	
AT-385 1215	rug	ANTALYA	
AT-385 23	rug	ANTALYA	
AT-385 2610	rug	ANTALYA	
AT-385 35	rug	ANTALYA	
AT-385 46	rug	ANTALYA	
AT-385 69	rug	ANTALYA	
AT-385 810	rug	ANTALYA	
AT-385 912	rug	ANTALYA	
AT-386 1014	rug	ANTALYA	
AT-386 23	rug	ANTALYA	
AT-386 2610	rug	ANTALYA	
AT-386 35	rug	ANTALYA	
AT-386 69	rug	ANTALYA	
AT-386 912	rug	ANTALYA	
AT-387 1014	rug	ANTALYA	
AT-387 2610	rug	ANTALYA	
AT-387 35	rug	ANTALYA	
AT-387 46	rug	ANTALYA	
AT-387 69	rug	ANTALYA	
AT-387 810	rug	ANTALYA	
AT-387 912	rug	ANTALYA	
AT-388 1215	rug	ANTALYA	
AT-388 23	rug	ANTALYA	
AT-388 2610	rug	ANTALYA	
AT-388 46	rug	ANTALYA	
AT-388 69	rug	ANTALYA	
AT-388 810	rug	ANTALYA	
AT-388 912	rug	ANTALYA	
AT-389 1014	rug	ANTALYA	
AT-389 1215	rug	ANTALYA	
AT-389 23	rug	ANTALYA	
AT-389 2610	rug	ANTALYA	
AT-389 2612	rug	ANTALYA	
AT-389 268	rug	ANTALYA	
AT-389 35	rug	ANTALYA	
AT-389 46	rug	ANTALYA	
AT-389 69	rug	ANTALYA	
AT-389 810	rug	ANTALYA	
AT-389 912	rug	ANTALYA	
AT-390 2612	rug	ANTALYA	
AT-390 268	rug	ANTALYA	
AT-390 69	rug	ANTALYA	
AT-390 810	rug	ANTALYA	
AT-391 1215	rug	ANTALYA	
AT-391 23	rug	ANTALYA	
AT-391 2610	rug	ANTALYA	
AT-391 268	rug	ANTALYA	
AT-391 35	rug	ANTALYA	
AT-391 46	rug	ANTALYA	
AT-391 69	rug	ANTALYA	
AT-391 810	rug	ANTALYA	
AU-910 1014	rug	AURORA	
AU-910 23	rug	AURORA	
AU-910 264	rug	AURORA	
AU-910 58	rug	AURORA	
AU-910 810	rug	AURORA	
AU-910 912	rug	AURORA	
AU-911 1014	rug	AURORA	
AU-911 23	rug	AURORA	
AU-911 264	rug	AURORA	
AU-911 58	rug	AURORA	
AU-911 810	rug	AURORA	
AU-911 912	rug	AURORA	
AU-912 1014	rug	AURORA	
AU-912 23	rug	AURORA	
AU-912 264	rug	AURORA	
AU-912 58	rug	AURORA	
AU-912 810	rug	AURORA	
AU-912 912	rug	AURORA	
AU-913 1014	rug	AURORA	
AU-913 23	rug	AURORA	
AU-913 264	rug	AURORA	
AU-913 58	rug	AURORA	
AU-913 810	rug	AURORA	
AU-913 912	rug	AURORA	
AV-190 1014	rug	AVALON	
AV-190 1215	rug	AVALON	
AV-190 23	rug	AVALON	
AV-190 2610	rug	AVALON	
AV-190 46	rug	AVALON	
AV-190 57	rug	AVALON	
AV-190 69	rug	AVALON	
AV-190 810	rug	AVALON	
AV-190 912	rug	AVALON	
AV-191 1014	rug	AVALON	
AV-191 1215	rug	AVALON	
AV-191 23	rug	AVALON	
AV-191 2610	rug	AVALON	
AV-191 46	rug	AVALON	
AV-191 57	rug	AVALON	
AV-191 69	rug	AVALON	
AV-191 810	rug	AVALON	
AV-191 912	rug	AVALON	
AV-192 1014	rug	AVALON	
AV-192 1215	rug	AVALON	
AV-192 23	rug	AVALON	
AV-192 2610	rug	AVALON	
AV-192 46	rug	AVALON	
AV-192 57	rug	AVALON	
AV-192 69	rug	AVALON	
AV-192 810	rug	AVALON	
AV-192 912	rug	AVALON	
AV-193 1014	rug	AVALON	
AV-193 1215	rug	AVALON	
AV-193 23	rug	AVALON	
AV-193 2610	rug	AVALON	
AV-193 46	rug	AVALON	
AV-193 57	rug	AVALON	
AV-193 69	rug	AVALON	
AV-193 810	rug	AVALON	
AV-193 912	rug	AVALON	
AV-194 1014	rug	AVALON	
AV-194 1215	rug	AVALON	
AV-194 23	rug	AVALON	
AV-194 2610	rug	AVALON	
AV-194 46	rug	AVALON	
AV-194 57	rug	AVALON	
AV-194 69	rug	AVALON	
AV-194 810	rug	AVALON	
AV-194 912	rug	AVALON	
AV-195 1014	rug	AVALON	
AV-195 1215	rug	AVALON	
AV-195 23	rug	AVALON	
AV-195 2610	rug	AVALON	
AV-195 46	rug	AVALON	
AV-195 57	rug	AVALON	
AV-195 69	rug	AVALON	
AV-195 810	rug	AVALON	
AV-195 912	rug	AVALON	
AV-196 1014	rug	AVALON	
AV-196 1215	rug	AVALON	
AV-196 23	rug	AVALON	
AV-196 2610	rug	AVALON	
AV-196 46	rug	AVALON	
AV-196 57	rug	AVALON	
AV-196 69	rug	AVALON	
AV-196 810	rug	AVALON	
AV-196 912	rug	AVALON	
AV-197 1014	rug	AVALON	
AV-197 1215	rug	AVALON	
AV-197 23	rug	AVALON	
AV-197 2610	rug	AVALON	
AV-197 46	rug	AVALON	
AV-197 57	rug	AVALON	
AV-197 69	rug	AVALON	
AV-197 810	rug	AVALON	
AV-197 912	rug	AVALON	
AV-198 1014	rug	AVALON	
AV-198 1215	rug	AVALON	
AV-198 23	rug	AVALON	
AV-198 2610	rug	AVALON	
AV-198 46	rug	AVALON	
AV-198 57	rug	AVALON	
AV-198 69	rug	AVALON	
AV-198 810	rug	AVALON	
AV-198 912	rug	AVALON	
AV-199 1014	rug	AVALON	
AV-199 1215	rug	AVALON	
AV-199 23	rug	AVALON	
AV-199 2610	rug	AVALON	
AV-199 46	rug	AVALON	
AV-199 57	rug	AVALON	
AV-199 69	rug	AVALON	
AV-199 810	rug	AVALON	
AV-199 912	rug	AVALON	
AV-200 1014	rug	AVALON	
AV-200 1215	rug	AVALON	
AV-200 23	rug	AVALON	
AV-200 2610	rug	AVALON	
AV-200 46	rug	AVALON	
AV-200 57	rug	AVALON	
AV-200 69	rug	AVALON	
AV-200 810	rug	AVALON	
AV-200 912	rug	AVALON	
BA-583 1215	rug	BASHIR	
BA-583 23	rug	BASHIR	
BA-583 2610	rug	BASHIR	
BA-583 268	rug	BASHIR	
BA-583 69	rug	BASHIR	
BA-583 912	rug	BASHIR	
BA-584 1014	rug	BASHIR	
BA-584 1116	rug	BASHIR	
BA-584 1215	rug	BASHIR	
BA-584 23	rug	BASHIR	
BA-584 2612	rug	BASHIR	
BA-584 268	rug	BASHIR	
BA-584 35	rug	BASHIR	
BA-584 69	rug	BASHIR	
BA-586 23	rug	BASHIR	
BA-586 46	rug	BASHIR	
BA-587 1215	rug	BASHIR	
BA-587 1218	rug	BASHIR	
BA-587 23	rug	BASHIR	
BA-587 35	rug	BASHIR	
BA-587 46	rug	BASHIR	
BA-587 69	rug	BASHIR	
BA-596 1014	rug	BASHIR	
BA-596 1116	rug	BASHIR	
BA-596 1215	rug	BASHIR	
BA-596 2610	rug	BASHIR	
BA-596 2612	rug	BASHIR	
BA-596 35	rug	BASHIR	
BA-596 46	rug	BASHIR	
BA-596 69	rug	BASHIR	
BA-596 810	rug	BASHIR	
CB-882 23	rug	CAROL BOLTON	
CB-882 2610	rug	CAROL BOLTON	
CB-882 268	rug	CAROL BOLTON	
CB-882 46	rug	CAROL BOLTON	
CB-882 69	rug	CAROL BOLTON	
CB-886 1215	rug	CAROL BOLTON	
CB-886 1218	rug	CAROL BOLTON	
CB-886 2610	rug	CAROL BOLTON	
CB-886 810	rug	CAROL BOLTON	
CB-887 1014	rug	CAROL BOLTON	
CB-887 1218	rug	CAROL BOLTON	
CB-887 268	rug	CAROL BOLTON	
CB-887 810	rug	CAROL BOLTON	
CB-887 912	rug	CAROL BOLTON	
CB-891 1014	rug	CAROL BOLTON	
CB-891 1218	rug	CAROL BOLTON	
CB-891 23	rug	CAROL BOLTON	
CB-891 2610	rug	CAROL BOLTON	
CB-891 69	rug	CAROL BOLTON	
CB-891 810	rug	CAROL BOLTON	
CB-895 23	rug	CAROL BOLTON	
CB-895 2610	rug	CAROL BOLTON	
CB-895 69	rug	CAROL BOLTON	
CB-896 2610	rug	CAROL BOLTON	
CB-896 2612	rug	CAROL BOLTON	
CB-896 268	rug	CAROL BOLTON	
CB-896 46	rug	CAROL BOLTON	
CB-896 69	rug	CAROL BOLTON	
CB-896 810	rug	CAROL BOLTON	
CB-897 23	rug	CAROL BOLTON	
CB-897 46	rug	CAROL BOLTON	
CB-897 69	rug	CAROL BOLTON	
CB-900 1014	rug	CAROL BOLTON	
CB-900 1215	rug	CAROL BOLTON	
CB-900 1218	rug	CAROL BOLTON	
CB-900 23	rug	CAROL BOLTON	
CB-900 2610	rug	CAROL BOLTON	
CB-900 2612	rug	CAROL BOLTON	
CB-900 268	rug	CAROL BOLTON	
CB-900 46	rug	CAROL BOLTON	
CB-900 69	rug	CAROL BOLTON	
CB-900 810	rug	CAROL BOLTON	
CB-900 912	rug	CAROL BOLTON	
CB-903 23	rug	CAROL BOLTON	
CB-903 2610	rug	CAROL BOLTON	
CB-903 268	rug	CAROL BOLTON	
CB-903 46	rug	CAROL BOLTON	
CB-903 810	rug	CAROL BOLTON	
CB-903 912	rug	CAROL BOLTON	
CB-904 2610	rug	CAROL BOLTON	
CB-904 268	rug	CAROL BOLTON	
CB-904 69	rug	CAROL BOLTON	
CB-904 810	rug	CAROL BOLTON	
CB-905 2610	rug	CAROL BOLTON	
CB-905 46	rug	CAROL BOLTON	
CB-905 69	rug	CAROL BOLTON	
CB-905 810	rug	CAROL BOLTON	
CB-905 912	rug	CAROL BOLTON	
CB-906 1215	rug	CAROL BOLTON	
CB-906 1218	rug	CAROL BOLTON	
CB-906 23	rug	CAROL BOLTON	
CB-906 2610	rug	CAROL BOLTON	
CB-906 268	rug	CAROL BOLTON	
CB-906 69	rug	CAROL BOLTON	
CB-907 1014	rug	CAROL BOLTON	
CB-907 1218	rug	CAROL BOLTON	
CB-907 23	rug	CAROL BOLTON	
CB-907 2610	rug	CAROL BOLTON	
CB-907 2612	rug	CAROL BOLTON	
CB-907 268	rug	CAROL BOLTON	
CB-907 46	rug	CAROL BOLTON	
CB-907 69	rug	CAROL BOLTON	
CB-909 1014	rug	CAROL BOLTON	
CB-909 23	rug	CAROL BOLTON	
CB-909 2610	rug	CAROL BOLTON	
CB-909 2612	rug	CAROL BOLTON	
CB-909 268	rug	CAROL BOLTON	
CB-909 69	rug	CAROL BOLTON	
CB-909 810	rug	CAROL BOLTON	
CB-909 912	rug	CAROL BOLTON	
CM-146 1014	rug	CAMILLA	
CM-146 23	rug	CAMILLA	
CM-146 2610	rug	CAMILLA	
CM-146 46	rug	CAMILLA	
CM-146 58	rug	CAMILLA	
CM-146 810	rug	CAMILLA	
CM-146 912	rug	CAMILLA	
CM-147 1014	rug	CAMILLA	
CM-147 23	rug	CAMILLA	
CM-147 2610	rug	CAMILLA	
CM-147 46	rug	CAMILLA	
CM-147 58	rug	CAMILLA	
CM-147 810	rug	CAMILLA	
CM-147 912	rug	CAMILLA	
CM-148 1014	rug	CAMILLA	
CM-148 23	rug	CAMILLA	
CM-148 2610	rug	CAMILLA	
CM-148 46	rug	CAMILLA	
CM-148 58	rug	CAMILLA	
CM-148 810	rug	CAMILLA	
CM-148 912	rug	CAMILLA	
CM-149 1014	rug	CAMILLA	
CM-149 23	rug	CAMILLA	
CM-149 2610	rug	CAMILLA	
CM-149 46	rug	CAMILLA	
CM-149 58	rug	CAMILLA	
CM-149 810	rug	CAMILLA	
CM-149 912	rug	CAMILLA	
CM-150 1014	rug	CAMILLA	
CM-150 23	rug	CAMILLA	
CM-150 2610	rug	CAMILLA	
CM-150 46	rug	CAMILLA	
CM-150 58	rug	CAMILLA	
CM-150 810	rug	CAMILLA	
CM-150 912	rug	CAMILLA	
CM-151 1014	rug	CAMILLA	
CM-151 23	rug	CAMILLA	
CM-151 2610	rug	CAMILLA	
CM-151 46	rug	CAMILLA	
CM-151 58	rug	CAMILLA	
CM-151 810	rug	CAMILLA	
CM-151 912	rug	CAMILLA	
CP-811 1215	rug	CASPIAN	
CP-811 23	rug	CASPIAN	
CP-811 2612	rug	CASPIAN	
CP-811 268	rug	CASPIAN	
CP-811 69	rug	CASPIAN	
CP-811 R8	rug	CASPIAN	
CP-812 23	rug	CASPIAN	
CP-812 35	rug	CASPIAN	
CP-812 46	rug	CASPIAN	
CP-812 57	rug	CASPIAN	
CP-812 69	rug	CASPIAN	
CP-812 R6	rug	CASPIAN	
CP-813 23	rug	CASPIAN	
CP-813 2612	rug	CASPIAN	
CP-813 69	rug	CASPIAN	
CP-813 R6	rug	CASPIAN	
CP-817 1014	rug	CASPIAN	
CP-817 1215	rug	CASPIAN	
CP-817 2610	rug	CASPIAN	
CP-817 35	rug	CASPIAN	
CP-817 46	rug	CASPIAN	
CP-817 57	rug	CASPIAN	
CP-817 69	rug	CASPIAN	
CP-817 810	rug	CASPIAN	
CP-817 R8	rug	CASPIAN	
CP-818 1014	rug	CASPIAN	
CP-818 1215	rug	CASPIAN	
CP-818 23	rug	CASPIAN	
CP-818 2610	rug	CASPIAN	
CP-818 2612	rug	CASPIAN	
CP-818 268	rug	CASPIAN	
CP-818 69	rug	CASPIAN	
CP-818 912	rug	CASPIAN	
CP-818 R6	rug	CASPIAN	
CP-818 R8	rug	CASPIAN	
CP-822 1215	rug	CASPIAN	
CP-822 23	rug	CASPIAN	
CP-822 2610	rug	CASPIAN	
CP-822 268	rug	CASPIAN	
CP-822 35	rug	CASPIAN	
CP-822 46	rug	CASPIAN	
CP-822 57	rug	CASPIAN	
CP-822 69	rug	CASPIAN	
CP-822 810	rug	CASPIAN	
CP-822 912	rug	CASPIAN	
CP-822 R6	rug	CASPIAN	
CP-822 R8	rug	CASPIAN	
CP-823 1014	rug	CASPIAN	
CP-823 1215	rug	CASPIAN	
CP-823 23	rug	CASPIAN	
CP-823 2610	rug	CASPIAN	
CP-823 2612	rug	CASPIAN	
CP-823 268	rug	CASPIAN	
CP-823 35	rug	CASPIAN	
CP-823 69	rug	CASPIAN	
CP-823 810	rug	CASPIAN	
CP-823 912	rug	CASPIAN	
CP-823 R6	rug	CASPIAN	
CP-826 23	rug	CASPIAN	
CP-826 2610	rug	CASPIAN	
CP-826 2612	rug	CASPIAN	
CP-826 268	rug	CASPIAN	
CP-826 46	rug	CASPIAN	
CP-826 69	rug	CASPIAN	
CP-826 810	rug	CASPIAN	
CP-826 912	rug	CASPIAN	
CP-826 R10	rug	CASPIAN	
CP-826 R8	rug	CASPIAN	
CP-827 1014	rug	CASPIAN	
CP-827 1215	rug	CASPIAN	
CP-827 23	rug	CASPIAN	
CP-827 2610	rug	CASPIAN	
CP-827 2612	rug	CASPIAN	
CP-827 268	rug	CASPIAN	
CP-827 35	rug	CASPIAN	
CP-827 46	rug	CASPIAN	
CP-827 57	rug	CASPIAN	
CP-827 69	rug	CASPIAN	
CP-827 810	rug	CASPIAN	
CP-827 912	rug	CASPIAN	
CP-827 R10	rug	CASPIAN	
CP-827 R6	rug	CASPIAN	
CP-827 R8	rug	CASPIAN	
DN-715 23	rug	DENALI	
DN-715 69	rug	DENALI	
DN-715 810	rug	DENALI	
DN-716 23	rug	DENALI	
DN-716 69	rug	DENALI	
DN-716 810	rug	DENALI	
DN-717 23	rug	DENALI	
DN-717 69	rug	DENALI	
DN-717 810	rug	DENALI	
DN-718 23	rug	DENALI	
DN-718 69	rug	DENALI	
DN-718 810	rug	DENALI	
DN-719 23	rug	DENALI	
DN-719 69	rug	DENALI	
DN-719 810	rug	DENALI	
DN-720 23	rug	DENALI	
DN-720 69	rug	DENALI	
DN-720 810	rug	DENALI	
EM-280 1014	rug	EMPIRE	
EM-280 23	rug	EMPIRE	
EM-280 2610	rug	EMPIRE	
EM-280 46	rug	EMPIRE	
EM-280 58	rug	EMPIRE	
EM-280 69	rug	EMPIRE	
EM-280 810	rug	EMPIRE	
EM-280 912	rug	EMPIRE	
EM-280 R4	rug	EMPIRE	
EM-280 R6	rug	EMPIRE	
EM-280 R8	rug	EMPIRE	
EM-281 1014	rug	EMPIRE	
EM-281 23	rug	EMPIRE	
EM-281 2610	rug	EMPIRE	
EM-281 46	rug	EMPIRE	
EM-281 58	rug	EMPIRE	
EM-281 69	rug	EMPIRE	
EM-281 810	rug	EMPIRE	
EM-281 912	rug	EMPIRE	
EM-281 R4	rug	EMPIRE	
EM-281 R6	rug	EMPIRE	
EM-281 R8	rug	EMPIRE	
EM-282 1014	rug	EMPIRE	
EM-282 23	rug	EMPIRE	
EM-282 2610	rug	EMPIRE	
EM-282 46	rug	EMPIRE	
EM-282 58	rug	EMPIRE	
EM-282 69	rug	EMPIRE	
EM-282 810	rug	EMPIRE	
EM-282 912	rug	EMPIRE	
EM-282 R4	rug	EMPIRE	
EM-282 R6	rug	EMPIRE	
EM-282 R8	rug	EMPIRE	
EM-283 1014	rug	EMPIRE	
EM-283 23	rug	EMPIRE	
EM-283 2610	rug	EMPIRE	
EM-283 46	rug	EMPIRE	
EM-283 58	rug	EMPIRE	
EM-283 69	rug	EMPIRE	
EM-283 810	rug	EMPIRE	
EM-283 912	rug	EMPIRE	
EM-283 R4	rug	EMPIRE	
EM-283 R6	rug	EMPIRE	
EM-283 R8	rug	EMPIRE	
EM-284 1014	rug	EMPIRE	
EM-284 23	rug	EMPIRE	
EM-284 2610	rug	EMPIRE	
EM-284 46	rug	EMPIRE	
EM-284 58	rug	EMPIRE	
EM-284 69	rug	EMPIRE	
EM-284 810	rug	EMPIRE	
EM-284 912	rug	EMPIRE	
EM-284 R4	rug	EMPIRE	
EM-284 R6	rug	EMPIRE	
EM-284 R8	rug	EMPIRE	
EM-285 1014	rug	EMPIRE	
EM-285 23	rug	EMPIRE	
EM-285 2610	rug	EMPIRE	
EM-285 46	rug	EMPIRE	
EM-285 58	rug	EMPIRE	
EM-285 69	rug	EMPIRE	
EM-285 810	rug	EMPIRE	
EM-285 912	rug	EMPIRE	
EM-285 R4	rug	EMPIRE	
EM-285 R6	rug	EMPIRE	
EM-285 R8	rug	EMPIRE	
EM-286 1014	rug	EMPIRE	
EM-286 23	rug	EMPIRE	
EM-286 2610	rug	EMPIRE	
EM-286 46	rug	EMPIRE	
EM-286 58	rug	EMPIRE	
EM-286 69	rug	EMPIRE	
EM-286 810	rug	EMPIRE	
EM-286 912	rug	EMPIRE	
EM-286 R4	rug	EMPIRE	
EM-286 R6	rug	EMPIRE	
EM-286 R8	rug	EMPIRE	
EM-287 1014	rug	EMPIRE	
EM-287 23	rug	EMPIRE	
EM-287 2610	rug	EMPIRE	
EM-287 46	rug	EMPIRE	
EM-287 58	rug	EMPIRE	
EM-287 69	rug	EMPIRE	
EM-287 810	rug	EMPIRE	
EM-287 912	rug	EMPIRE	
EM-287 R4	rug	EMPIRE	
EM-287 R6	rug	EMPIRE	
EM-287 R8	rug	EMPIRE	
EM-288 1014	rug	EMPIRE	
EM-288 23	rug	EMPIRE	
EM-288 2610	rug	EMPIRE	
EM-288 46	rug	EMPIRE	
EM-288 58	rug	EMPIRE	
EM-288 69	rug	EMPIRE	
EM-288 810	rug	EMPIRE	
EM-288 912	rug	EMPIRE	
EM-288 R4	rug	EMPIRE	
EM-288 R6	rug	EMPIRE	
EM-288 R8	rug	EMPIRE	
EM-289 1014	rug	EMPIRE	
EM-289 23	rug	EMPIRE	
EM-289 2610	rug	EMPIRE	
EM-289 46	rug	EMPIRE	
EM-289 58	rug	EMPIRE	
EM-289 69	rug	EMPIRE	
EM-289 810	rug	EMPIRE	
EM-289 912	rug	EMPIRE	
EM-289 R4	rug	EMPIRE	
EM-289 R6	rug	EMPIRE	
EM-289 R8	rug	EMPIRE	
EM-290 1014	rug	EMPIRE	
EM-290 23	rug	EMPIRE	
EM-290 2610	rug	EMPIRE	
EM-290 46	rug	EMPIRE	
EM-290 58	rug	EMPIRE	
EM-290 69	rug	EMPIRE	
EM-290 810	rug	EMPIRE	
EM-290 912	rug	EMPIRE	
EM-290 R4	rug	EMPIRE	
EM-290 R6	rug	EMPIRE	
EM-290 R8	rug	EMPIRE	
EM-291 1014	rug	EMPIRE	
EM-291 23	rug	EMPIRE	
EM-291 2610	rug	EMPIRE	
EM-291 46	rug	EMPIRE	
EM-291 58	rug	EMPIRE	
EM-291 69	rug	EMPIRE	
EM-291 810	rug	EMPIRE	
EM-291 912	rug	EMPIRE	
EM-291 R4	rug	EMPIRE	
EM-291 R6	rug	EMPIRE	
EM-291 R8	rug	EMPIRE	
EM-292 1014	rug	EMPIRE	
EM-292 23	rug	EMPIRE	
EM-292 2610	rug	EMPIRE	
EM-292 46	rug	EMPIRE	
EM-292 58	rug	EMPIRE	
EM-292 69	rug	EMPIRE	
EM-292 810	rug	EMPIRE	
EM-292 912	rug	EMPIRE	
EM-292 R4	rug	EMPIRE	
EM-292 R6	rug	EMPIRE	
EM-292 R8	rug	EMPIRE	
EM-293 1014	rug	EMPIRE	
EM-293 23	rug	EMPIRE	
EM-293 2610	rug	EMPIRE	
EM-293 46	rug	EMPIRE	
EM-293 58	rug	EMPIRE	
EM-293 69	rug	EMPIRE	
EM-293 810	rug	EMPIRE	
EM-293 912	rug	EMPIRE	
EM-293 R4	rug	EMPIRE	
EM-293 R6	rug	EMPIRE	
EM-293 R8	rug	EMPIRE	
EM-294 1014	rug	EMPIRE	
EM-294 23	rug	EMPIRE	
EM-294 2610	rug	EMPIRE	
EM-294 46	rug	EMPIRE	
EM-294 58	rug	EMPIRE	
EM-294 69	rug	EMPIRE	
EM-294 810	rug	EMPIRE	
EM-294 912	rug	EMPIRE	
EM-294 R4	rug	EMPIRE	
EM-294 R6	rug	EMPIRE	
EM-294 R8	rug	EMPIRE	
EM-295 1014	rug	EMPIRE	
EM-295 23	rug	EMPIRE	
EM-295 2610	rug	EMPIRE	
EM-295 46	rug	EMPIRE	
EM-295 58	rug	EMPIRE	
EM-295 69	rug	EMPIRE	
EM-295 810	rug	EMPIRE	
EM-295 912	rug	EMPIRE	
EM-295 R4	rug	EMPIRE	
EM-295 R6	rug	EMPIRE	
EM-295 R8	rug	EMPIRE	
EM-296 1014	rug	EMPIRE	
EM-296 23	rug	EMPIRE	
EM-296 2610	rug	EMPIRE	
EM-296 46	rug	EMPIRE	
EM-296 58	rug	EMPIRE	
EM-296 69	rug	EMPIRE	
EM-296 810	rug	EMPIRE	
EM-296 912	rug	EMPIRE	
EM-296 R4	rug	EMPIRE	
EM-296 R6	rug	EMPIRE	
EM-296 R8	rug	EMPIRE	
EM-297 1014	rug	EMPIRE	
EM-297 23	rug	EMPIRE	
EM-297 2610	rug	EMPIRE	
EM-297 46	rug	EMPIRE	
EM-297 58	rug	EMPIRE	
EM-297 69	rug	EMPIRE	
EM-297 810	rug	EMPIRE	
EM-297 912	rug	EMPIRE	
EM-297 R4	rug	EMPIRE	
EM-297 R6	rug	EMPIRE	
EM-297 R8	rug	EMPIRE	
EM-298 1014	rug	EMPIRE	
EM-298 23	rug	EMPIRE	
EM-298 2610	rug	EMPIRE	
EM-298 46	rug	EMPIRE	
EM-298 58	rug	EMPIRE	
EM-298 69	rug	EMPIRE	
EM-298 810	rug	EMPIRE	
EM-298 912	rug	EMPIRE	
EM-298 R4	rug	EMPIRE	
EM-298 R6	rug	EMPIRE	
EM-298 R8	rug	EMPIRE	
EN-911 1014	rug	ENDURA	
EN-911 23	rug	ENDURA	
EN-911 46	rug	ENDURA	
EN-911 58	rug	ENDURA	
EN-911 810	rug	ENDURA	
EN-911 912	rug	ENDURA	
EN-912 1014	rug	ENDURA	
EN-912 23	rug	ENDURA	
EN-912 46	rug	ENDURA	
EN-912 58	rug	ENDURA	
EN-912 810	rug	ENDURA	
EN-912 912	rug	ENDURA	
EN-913 1014	rug	ENDURA	
EN-913 23	rug	ENDURA	
EN-913 46	rug	ENDURA	
EN-913 58	rug	ENDURA	
EN-913 810	rug	ENDURA	
EN-913 912	rug	ENDURA	
EN-914 1014	rug	ENDURA	
EN-914 23	rug	ENDURA	
EN-914 46	rug	ENDURA	
EN-914 58	rug	ENDURA	
EN-914 810	rug	ENDURA	
EN-914 912	rug	ENDURA	
EN-915 1014	rug	ENDURA	
EN-915 23	rug	ENDURA	
EN-915 46	rug	ENDURA	
EN-915 58	rug	ENDURA	
EN-915 810	rug	ENDURA	
EN-915 912	rug	ENDURA	
EN-916 1014	rug	ENDURA	
EN-916 23	rug	ENDURA	
EN-916 46	rug	ENDURA	
EN-916 58	rug	ENDURA	
EN-916 810	rug	ENDURA	
EN-916 912	rug	ENDURA	
EN-917 1014	rug	ENDURA	
EN-917 23	rug	ENDURA	
EN-917 46	rug	ENDURA	
EN-917 58	rug	ENDURA	
EN-917 810	rug	ENDURA	
EN-917 912	rug	ENDURA	
EN-918 1014	rug	ENDURA	
EN-918 23	rug	ENDURA	
EN-918 46	rug	ENDURA	
EN-918 58	rug	ENDURA	
EN-918 810	rug	ENDURA	
EN-918 912	rug	ENDURA	
EN-919 1014	rug	ENDURA	
EN-919 23	rug	ENDURA	
EN-919 46	rug	ENDURA	
EN-919 58	rug	ENDURA	
EN-919 810	rug	ENDURA	
EN-919 912	rug	ENDURA	
EN-920 1014	rug	ENDURA	
EN-920 23	rug	ENDURA	
EN-920 46	rug	ENDURA	
EN-920 58	rug	ENDURA	
EN-920 810	rug	ENDURA	
EN-920 912	rug	ENDURA	
EN-921 1014	rug	ENDURA	
EN-921 23	rug	ENDURA	
EN-921 46	rug	ENDURA	
EN-921 58	rug	ENDURA	
EN-921 810	rug	ENDURA	
EN-921 912	rug	ENDURA	
FC-640 2610	rug	CHANTAL	
FC-640 69	rug	CHANTAL	
FC-641 69	rug	CHANTAL	
FR-620 23	rug	FLORENCE	
FR-620 268	rug	FLORENCE	
FR-625 23	rug	FLORENCE	
FR-625 69	rug	FLORENCE	
FR-627 912	rug	FLORENCE	
FR-631 2612	rug	FLORENCE	
GR-670 1014	rug	GRAMERCY	
GR-670 23	rug	GRAMERCY	
GR-670 46	rug	GRAMERCY	
GR-670 69	rug	GRAMERCY	
GR-670 810	rug	GRAMERCY	
GR-670 912	rug	GRAMERCY	
GR-671 23	rug	GRAMERCY	
GR-671 46	rug	GRAMERCY	
GR-671 69	rug	GRAMERCY	
GR-671 810	rug	GRAMERCY	
GR-672 1014	rug	GRAMERCY	
GR-672 23	rug	GRAMERCY	
GR-672 2610	rug	GRAMERCY	
GR-672 46	rug	GRAMERCY	
GR-672 69	rug	GRAMERCY	
GR-672 810	rug	GRAMERCY	
GR-672 912	rug	GRAMERCY	
GR-673 23	rug	GRAMERCY	
GR-673 46	rug	GRAMERCY	
GR-673 810	rug	GRAMERCY	
GR-673 912	rug	GRAMERCY	
GR-674 23	rug	GRAMERCY	
GR-674 2610	rug	GRAMERCY	
GR-674 46	rug	GRAMERCY	
GR-674 69	rug	GRAMERCY	
GR-674 810	rug	GRAMERCY	
GR-674 912	rug	GRAMERCY	
GR-675 2610	rug	GRAMERCY	
GR-675 46	rug	GRAMERCY	
GR-675 69	rug	GRAMERCY	
GR-675 810	rug	GRAMERCY	
GR-676 23	rug	GRAMERCY	
GR-676 2610	rug	GRAMERCY	
GR-676 46	rug	GRAMERCY	
GR-676 69	rug	GRAMERCY	
GR-676 810	rug	GRAMERCY	
GR-677 1014	rug	GRAMERCY	
GR-677 23	rug	GRAMERCY	
GR-677 2610	rug	GRAMERCY	
GR-677 46	rug	GRAMERCY	
GR-677 69	rug	GRAMERCY	
GR-677 810	rug	GRAMERCY	
GR-678 1014	rug	GRAMERCY	
GR-678 23	rug	GRAMERCY	
GR-678 2610	rug	GRAMERCY	
GR-678 46	rug	GRAMERCY	
GR-678 69	rug	GRAMERCY	
GR-678 810	rug	GRAMERCY	
GR-678 912	rug	GRAMERCY	
GR-679 1014	rug	GRAMERCY	
GR-679 23	rug	GRAMERCY	
GR-679 2610	rug	GRAMERCY	
GR-679 46	rug	GRAMERCY	
GR-679 69	rug	GRAMERCY	
GR-679 810	rug	GRAMERCY	
GR-679 912	rug	GRAMERCY	
GR-680 1014	rug	GRAMERCY	
GR-680 23	rug	GRAMERCY	
GR-680 2610	rug	GRAMERCY	
GR-680 46	rug	GRAMERCY	
GR-680 810	rug	GRAMERCY	
GR-680 912	rug	GRAMERCY	
GR-681 23	rug	GRAMERCY	
GR-681 2610	rug	GRAMERCY	
GR-681 46	rug	GRAMERCY	
GR-681 69	rug	GRAMERCY	
GR-681 912	rug	GRAMERCY	
GR-682 1014	rug	GRAMERCY	
GR-682 23	rug	GRAMERCY	
GR-682 2610	rug	GRAMERCY	
GR-682 46	rug	GRAMERCY	
GR-682 69	rug	GRAMERCY	
GR-682 912	rug	GRAMERCY	
GR-683 1014	rug	GRAMERCY	
GR-683 23	rug	GRAMERCY	
GR-683 2610	rug	GRAMERCY	
GR-683 46	rug	GRAMERCY	
GR-683 69	rug	GRAMERCY	
GR-683 810	rug	GRAMERCY	
GR-683 912	rug	GRAMERCY	
GR-686 1014	rug	GRAMERCY	
GR-686 23	rug	GRAMERCY	
GR-686 2610	rug	GRAMERCY	
GR-686 46	rug	GRAMERCY	
GR-686 69	rug	GRAMERCY	
GR-686 810	rug	GRAMERCY	
GR-686 912	rug	GRAMERCY	
GR-687 1014	rug	GRAMERCY	
GR-687 23	rug	GRAMERCY	
GR-687 2610	rug	GRAMERCY	
GR-687 46	rug	GRAMERCY	
GR-687 69	rug	GRAMERCY	
GR-687 810	rug	GRAMERCY	
GR-688 1014	rug	GRAMERCY	
GR-688 2610	rug	GRAMERCY	
GR-688 46	rug	GRAMERCY	
GR-688 69	rug	GRAMERCY	
GR-688 810	rug	GRAMERCY	
GR-688 912	rug	GRAMERCY	
GR-689 23	rug	GRAMERCY	
GR-689 2610	rug	GRAMERCY	
GR-689 69	rug	GRAMERCY	
GR-689 810	rug	GRAMERCY	
GR-710 1014	rug	GRAMERCY	
GR-710 23	rug	GRAMERCY	
GR-710 2610	rug	GRAMERCY	
GR-710 46	rug	GRAMERCY	
GR-710 69	rug	GRAMERCY	
GR-710 810	rug	GRAMERCY	
GR-710 912	rug	GRAMERCY	
GR-711 1014	rug	GRAMERCY	
GR-711 23	rug	GRAMERCY	
GR-711 2610	rug	GRAMERCY	
GR-711 46	rug	GRAMERCY	
GR-711 69	rug	GRAMERCY	
GR-711 912	rug	GRAMERCY	
GR-712 1014	rug	GRAMERCY	
GR-712 23	rug	GRAMERCY	
GR-712 2610	rug	GRAMERCY	
GR-712 46	rug	GRAMERCY	
GR-712 69	rug	GRAMERCY	
GR-712 810	rug	GRAMERCY	
GR-712 912	rug	GRAMERCY	
GR-713 1014	rug	GRAMERCY	
GR-713 23	rug	GRAMERCY	
GR-713 2610	rug	GRAMERCY	
GR-713 46	rug	GRAMERCY	
GR-713 69	rug	GRAMERCY	
GR-713 810	rug	GRAMERCY	
GR-713 912	rug	GRAMERCY	
GR-714 1014	rug	GRAMERCY	
GR-714 23	rug	GRAMERCY	
GR-714 2610	rug	GRAMERCY	
GR-714 46	rug	GRAMERCY	
GR-714 69	rug	GRAMERCY	
GR-714 810	rug	GRAMERCY	
GR-714 912	rug	GRAMERCY	
GR-715 1014	rug	GRAMERCY	
GR-715 23	rug	GRAMERCY	
GR-715 2610	rug	GRAMERCY	
GR-715 46	rug	GRAMERCY	
GR-715 69	rug	GRAMERCY	
GR-715 810	rug	GRAMERCY	
GR-715 912	rug	GRAMERCY	
GR-716 1014	rug	GRAMERCY	
GR-716 23	rug	GRAMERCY	
GR-716 2610	rug	GRAMERCY	
GR-716 46	rug	GRAMERCY	
GR-716 69	rug	GRAMERCY	
GR-716 810	rug	GRAMERCY	
GR-716 912	rug	GRAMERCY	
GR-717 1014	rug	GRAMERCY	
GR-717 23	rug	GRAMERCY	
GR-717 2610	rug	GRAMERCY	
GR-717 46	rug	GRAMERCY	
GR-717 69	rug	GRAMERCY	
GR-717 810	rug	GRAMERCY	
GR-717 912	rug	GRAMERCY	
GR-718 1014	rug	GRAMERCY	
GR-718 23	rug	GRAMERCY	
GR-718 2610	rug	GRAMERCY	
GR-718 46	rug	GRAMERCY	
GR-718 69	rug	GRAMERCY	
GR-718 810	rug	GRAMERCY	
GR-718 912	rug	GRAMERCY	
GR-719 1014	rug	GRAMERCY	
GR-719 23	rug	GRAMERCY	
GR-719 2610	rug	GRAMERCY	
GR-719 46	rug	GRAMERCY	
GR-719 69	rug	GRAMERCY	
GR-719 810	rug	GRAMERCY	
GR-719 912	rug	GRAMERCY	
HL-420 23	rug	HEIRLOOM	
HL-420 69	rug	HEIRLOOM	
HL-420 R4	rug	HEIRLOOM	
HL-420 R6	rug	HEIRLOOM	
HL-421 23	rug	HEIRLOOM	
HL-421 2610	rug	HEIRLOOM	
HL-421 46	rug	HEIRLOOM	
HL-421 58	rug	HEIRLOOM	
HL-421 69	rug	HEIRLOOM	
HL-421 810	rug	HEIRLOOM	
HL-421 912	rug	HEIRLOOM	
HL-421 R4	rug	HEIRLOOM	
HL-421 R6	rug	HEIRLOOM	
HL-421 R8	rug	HEIRLOOM	
HL-422 23	rug	HEIRLOOM	
HL-422 2610	rug	HEIRLOOM	
HL-422 46	rug	HEIRLOOM	
HL-422 58	rug	HEIRLOOM	
HL-422 69	rug	HEIRLOOM	
HL-422 810	rug	HEIRLOOM	
HL-422 R6	rug	HEIRLOOM	
HL-422 R8	rug	HEIRLOOM	
HL-423 1014	rug	HEIRLOOM	
HL-423 23	rug	HEIRLOOM	
HL-423 46	rug	HEIRLOOM	
HL-423 58	rug	HEIRLOOM	
HL-423 69	rug	HEIRLOOM	
HL-423 810	rug	HEIRLOOM	
HL-423 912	rug	HEIRLOOM	
HL-423 R4	rug	HEIRLOOM	
HL-423 R6	rug	HEIRLOOM	
HL-423 R8	rug	HEIRLOOM	
HL-424 23	rug	HEIRLOOM	
HL-425 58	rug	HEIRLOOM	
HL-425 69	rug	HEIRLOOM	
HL-425 R4	rug	HEIRLOOM	
HL-425 R6	rug	HEIRLOOM	
HL-426 1014	rug	HEIRLOOM	
HL-426 23	rug	HEIRLOOM	
HL-426 46	rug	HEIRLOOM	
HL-426 58	rug	HEIRLOOM	
HL-426 69	rug	HEIRLOOM	
HL-426 810	rug	HEIRLOOM	
HL-426 R6	rug	HEIRLOOM	
HL-427 23	rug	HEIRLOOM	
HL-427 R4	rug	HEIRLOOM	
HL-427 R6	rug	HEIRLOOM	
IN-940 1014	rug	INSPIRA	
IN-940 1215	rug	INSPIRA	
IN-940 23	rug	INSPIRA	
IN-940 2610	rug	INSPIRA	
IN-940 35	rug	INSPIRA	
IN-940 46	rug	INSPIRA	
IN-940 69	rug	INSPIRA	
IN-940 810	rug	INSPIRA	
IN-945 1014	rug	INSPIRA	
IN-945 1215	rug	INSPIRA	
IN-945 23	rug	INSPIRA	
IN-945 2610	rug	INSPIRA	
IN-945 35	rug	INSPIRA	
IN-945 46	rug	INSPIRA	
IN-945 69	rug	INSPIRA	
IN-945 810	rug	INSPIRA	
IN-945 912	rug	INSPIRA	
IN-946 1014	rug	INSPIRA	
IN-946 1215	rug	INSPIRA	
IN-946 23	rug	INSPIRA	
IN-946 2610	rug	INSPIRA	
IN-946 35	rug	INSPIRA	
IN-946 46	rug	INSPIRA	
IN-946 69	rug	INSPIRA	
IN-946 810	rug	INSPIRA	
IN-946 912	rug	INSPIRA	
IS-754 1218	rug	ISMIR	
JD-651 46	rug	JADE	
JD-653 1218	rug	JADE	
JD-653 23	rug	JADE	
JD-654 1014	rug	JADE	
JD-654 1116	rug	JADE	
JD-654 2610	rug	JADE	
JD-654 35	rug	JADE	
JD-654 46	rug	JADE	
JD-654 69	rug	JADE	
JD-654 810	rug	JADE	
JD-654 912	rug	JADE	
JD-655 1116	rug	JADE	
JD-655 1218	rug	JADE	
JD-655 23	rug	JADE	
JD-655 35	rug	JADE	
JD-655 46	rug	JADE	
JD-656 23	rug	JADE	
JD-656 46	rug	JADE	
JD-657 1014	rug	JADE	
JD-657 23	rug	JADE	
JD-657 2610	rug	JADE	
JD-657 268	rug	JADE	
JD-657 69	rug	JADE	
JD-657 810	rug	JADE	
JD-657 912	rug	JADE	
JD-658 1014	rug	JADE	
JD-658 1116	rug	JADE	
JD-658 23	rug	JADE	
JD-658 2610	rug	JADE	
JD-658 69	rug	JADE	
JD-658 810	rug	JADE	
JD-659 1014	rug	JADE	
JD-659 23	rug	JADE	
JD-659 912	rug	JADE	
JD-662 1014	rug	JADE	
JD-662 1116	rug	JADE	
JD-662 23	rug	JADE	
JD-662 268	rug	JADE	
JD-662 35	rug	JADE	
JD-662 46	rug	JADE	
JD-662 69	rug	JADE	
JD-662 912	rug	JADE	
JD-663 1014	rug	JADE	
JD-663 1116	rug	JADE	
JD-663 23	rug	JADE	
JD-663 35	rug	JADE	
JD-663 46	rug	JADE	
JD-663 69	rug	JADE	
JD-663 810	rug	JADE	
JD-663 912	rug	JADE	
JP-420 S8	rug	JAIPURA	
JP-424 1215	rug	JAIPURA	
JP-424 2610	rug	JAIPURA	
JP-424 268	rug	JAIPURA	
JP-424 57	rug	JAIPURA	
JP-424 69	rug	JAIPURA	
JP-424 S10	rug	JAIPURA	
JP-424 S8	rug	JAIPURA	
JP-427 2610	rug	JAIPURA	
JP-427 268	rug	JAIPURA	
JP-427 57	rug	JAIPURA	
JP-427 69	rug	JAIPURA	
JP-427 S10	rug	JAIPURA	
JP-434 1215	rug	JAIPURA	
JP-434 1218	rug	JAIPURA	
JP-434 23	rug	JAIPURA	
JP-434 S6	rug	JAIPURA	
JP-438 1218	rug	JAIPURA	
JP-462 1218	rug	JAIPURA	
JP-462 48	rug	JAIPURA	
JP-462 69	rug	JAIPURA	
JP-462 810	rug	JAIPURA	
JP-462 912	rug	JAIPURA	
JP-462 R6	rug	JAIPURA	
JP-462 S10	rug	JAIPURA	
JP-462 S6	rug	JAIPURA	
JP-462 S8	rug	JAIPURA	
JR-635 1014	rug	JARDIN	
JR-635 23	rug	JARDIN	
JR-635 2610	rug	JARDIN	
JR-635 46	rug	JARDIN	
JR-635 69	rug	JARDIN	
JR-635 810	rug	JARDIN	
JR-635 912	rug	JARDIN	
JR-636 1014	rug	JARDIN	
JR-636 23	rug	JARDIN	
JR-636 2610	rug	JARDIN	
JR-636 46	rug	JARDIN	
JR-636 69	rug	JARDIN	
JR-636 810	rug	JARDIN	
JR-636 912	rug	JARDIN	
JR-637 1014	rug	JARDIN	
JR-637 23	rug	JARDIN	
JR-637 2610	rug	JARDIN	
JR-637 46	rug	JARDIN	
JR-637 69	rug	JARDIN	
JR-637 810	rug	JARDIN	
JR-637 912	rug	JARDIN	
JR-638 1014	rug	JARDIN	
JR-638 23	rug	JARDIN	
JR-638 2610	rug	JARDIN	
JR-638 46	rug	JARDIN	
JR-638 69	rug	JARDIN	
JR-638 810	rug	JARDIN	
JR-638 912	rug	JARDIN	
JR-639 1014	rug	JARDIN	
JR-639 23	rug	JARDIN	
JR-639 2610	rug	JARDIN	
JR-639 46	rug	JARDIN	
JR-639 69	rug	JARDIN	
JR-639 810	rug	JARDIN	
JR-639 912	rug	JARDIN	
JR-640 1014	rug	JARDIN	
JR-640 23	rug	JARDIN	
JR-640 2610	rug	JARDIN	
JR-640 46	rug	JARDIN	
JR-640 69	rug	JARDIN	
JR-640 810	rug	JARDIN	
JR-640 912	rug	JARDIN	
JR-641 1014	rug	JARDIN	
JR-641 23	rug	JARDIN	
JR-641 2610	rug	JARDIN	
JR-641 46	rug	JARDIN	
JR-641 69	rug	JARDIN	
JR-641 810	rug	JARDIN	
JR-641 912	rug	JARDIN	
JR-642 1014	rug	JARDIN	
JR-642 23	rug	JARDIN	
JR-642 2610	rug	JARDIN	
JR-642 46	rug	JARDIN	
JR-642 69	rug	JARDIN	
JR-642 810	rug	JARDIN	
JR-642 912	rug	JARDIN	
JR-643 1014	rug	JARDIN	
JR-643 23	rug	JARDIN	
JR-643 2610	rug	JARDIN	
JR-643 46	rug	JARDIN	
JR-643 69	rug	JARDIN	
JR-643 810	rug	JARDIN	
JR-643 912	rug	JARDIN	
KB-360 69	rug	KABIR	
KB-361 1215	rug	KABIR	
KB-361 2610	rug	KABIR	
KB-361 69	rug	KABIR	
KB-361 R8	rug	KABIR	
KB-362 1218	rug	KABIR	
KB-363 2612	rug	KABIR	
KB-363 69	rug	KABIR	
KB-363 R6	rug	KABIR	
KB-363 S10	rug	KABIR	
KB-363 S6	rug	KABIR	
KB-363 S8	rug	KABIR	
KB-364 1218	rug	KABIR	
KB-364 69	rug	KABIR	
KB-366 268	rug	KABIR	
KB-366 69	rug	KABIR	
KB-367 2610	rug	KABIR	
KB-367 69	rug	KABIR	
KB-368 23	rug	KABIR	
KB-368 69	rug	KABIR	
KB-368 R6	rug	KABIR	
KB-369 S6	rug	KABIR	
KB-370 69	rug	KABIR	
KR-002 1014	rug	KARAMAN	
KR-002 1215	rug	KARAMAN	
KR-002 23	rug	KARAMAN	
KR-002 2610	rug	KARAMAN	
KR-002 46	rug	KARAMAN	
KR-002 69	rug	KARAMAN	
KR-002 810	rug	KARAMAN	
KR-002 912	rug	KARAMAN	
KR-003 1014	rug	KARAMAN	
KR-003 1215	rug	KARAMAN	
KR-003 23	rug	KARAMAN	
KR-003 2610	rug	KARAMAN	
KR-003 46	rug	KARAMAN	
KR-003 69	rug	KARAMAN	
KR-003 810	rug	KARAMAN	
KR-004 1014	rug	KARAMAN	
KR-004 23	rug	KARAMAN	
KR-004 2610	rug	KARAMAN	
KR-004 46	rug	KARAMAN	
KR-004 69	rug	KARAMAN	
KR-004 810	rug	KARAMAN	
KR-005 1014	rug	KARAMAN	
KR-005 1215	rug	KARAMAN	
KR-005 23	rug	KARAMAN	
KR-005 2610	rug	KARAMAN	
KR-005 46	rug	KARAMAN	
KR-005 69	rug	KARAMAN	
KR-005 810	rug	KARAMAN	
KR-005 912	rug	KARAMAN	
KR-006 1014	rug	KARAMAN	
KR-006 1215	rug	KARAMAN	
KR-006 23	rug	KARAMAN	
KR-006 2610	rug	KARAMAN	
KR-006 46	rug	KARAMAN	
KR-006 69	rug	KARAMAN	
KR-006 912	rug	KARAMAN	
LG-020 1014	rug	LEGACY	
LG-020 23	rug	LEGACY	
LG-020 2610	rug	LEGACY	
LG-020 46	rug	LEGACY	
LG-020 69	rug	LEGACY	
LG-020 810	rug	LEGACY	
LG-021 1014	rug	LEGACY	
LG-021 23	rug	LEGACY	
LG-021 2610	rug	LEGACY	
LG-021 46	rug	LEGACY	
LG-021 69	rug	LEGACY	
LG-022 1014	rug	LEGACY	
LG-022 23	rug	LEGACY	
LG-022 2610	rug	LEGACY	
LG-022 46	rug	LEGACY	
LG-022 69	rug	LEGACY	
LG-022 810	rug	LEGACY	
LG-022 912	rug	LEGACY	
LG-023 1014	rug	LEGACY	
LG-023 23	rug	LEGACY	
LG-023 2610	rug	LEGACY	
LG-023 46	rug	LEGACY	
LG-023 69	rug	LEGACY	
LG-023 810	rug	LEGACY	
LG-023 912	rug	LEGACY	
LG-024 23	rug	LEGACY	
LT-801 69	rug	LATEEF	
LT-801 810	rug	LATEEF	
LT-801 912	rug	LATEEF	
LT-801 R6	rug	LATEEF	
LT-802 R6	rug	LATEEF	
LT-802 S6	rug	LATEEF	
LT-804 R6	rug	LATEEF	
LT-804 S8	rug	LATEEF	
LT-807 69	rug	LATEEF	
LT-807 810	rug	LATEEF	
LT-808 R6	rug	LATEEF	
LT-809 S6	rug	LATEEF	
MD-361 58	rug	MADISON	
MD-361 69	rug	MADISON	
MD-361 912	rug	MADISON	
MD-362 23	rug	MADISON	
MD-363 1014	rug	MADISON	
MD-363 23	rug	MADISON	
MD-363 46	rug	MADISON	
MD-363 69	rug	MADISON	
MD-363 912	rug	MADISON	
MD-364 23	rug	MADISON	
MD-364 912	rug	MADISON	
MD-370 23	rug	MADISON	
MD-370 2610	rug	MADISON	
MD-370 46	rug	MADISON	
MD-370 58	rug	MADISON	
MD-370 69	rug	MADISON	
MD-370 912	rug	MADISON	
MD-371 23	rug	MADISON	
MD-371 46	rug	MADISON	
MD-371 58	rug	MADISON	
MD-371 69	rug	MADISON	
MJ-941 69	rug	MAJESTIC	
MN-535 1014	rug	MERIDIAN	
MN-535 1215	rug	MERIDIAN	
MN-535 23	rug	MERIDIAN	
MN-535 2610	rug	MERIDIAN	
MN-535 46	rug	MERIDIAN	
MN-535 69	rug	MERIDIAN	
MN-535 810	rug	MERIDIAN	
MN-535 912	rug	MERIDIAN	
MN-536 1014	rug	MERIDIAN	
MN-536 1215	rug	MERIDIAN	
MN-536 23	rug	MERIDIAN	
MN-536 2610	rug	MERIDIAN	
MN-536 46	rug	MERIDIAN	
MN-536 69	rug	MERIDIAN	
MN-536 810	rug	MERIDIAN	
MN-536 912	rug	MERIDIAN	
MN-537 1014	rug	MERIDIAN	
MN-537 1215	rug	MERIDIAN	
MN-537 23	rug	MERIDIAN	
MN-537 2610	rug	MERIDIAN	
MN-537 46	rug	MERIDIAN	
MN-537 69	rug	MERIDIAN	
MN-537 810	rug	MERIDIAN	
MN-537 912	rug	MERIDIAN	
MN-538 1014	rug	MERIDIAN	
MN-538 1215	rug	MERIDIAN	
MN-538 23	rug	MERIDIAN	
MN-538 2610	rug	MERIDIAN	
MN-538 46	rug	MERIDIAN	
MN-538 69	rug	MERIDIAN	
MN-538 810	rug	MERIDIAN	
MN-538 912	rug	MERIDIAN	
MN-539 1014	rug	MERIDIAN	
MN-539 1215	rug	MERIDIAN	
MN-539 23	rug	MERIDIAN	
MN-539 2610	rug	MERIDIAN	
MN-539 46	rug	MERIDIAN	
MN-539 69	rug	MERIDIAN	
MN-539 810	rug	MERIDIAN	
MN-539 912	rug	MERIDIAN	
MN-540 1014	rug	MERIDIAN	
MN-540 1215	rug	MERIDIAN	
MN-540 23	rug	MERIDIAN	
MN-540 2610	rug	MERIDIAN	
MN-540 46	rug	MERIDIAN	
MN-540 69	rug	MERIDIAN	
MN-540 810	rug	MERIDIAN	
MN-540 912	rug	MERIDIAN	
MO-350 1014	rug	MODENA	
MO-350 23	rug	MODENA	
MO-350 2610	rug	MODENA	
MO-350 58	rug	MODENA	
MO-350 810	rug	MODENA	
MO-350 912	rug	MODENA	
MO-351 1014	rug	MODENA	
MO-351 23	rug	MODENA	
MO-351 2610	rug	MODENA	
MO-351 58	rug	MODENA	
MO-351 810	rug	MODENA	
MO-351 912	rug	MODENA	
MO-352 1014	rug	MODENA	
MO-352 23	rug	MODENA	
MO-352 2610	rug	MODENA	
MO-352 58	rug	MODENA	
MO-352 810	rug	MODENA	
MO-352 912	rug	MODENA	
MO-353 1014	rug	MODENA	
MO-353 23	rug	MODENA	
MO-353 2610	rug	MODENA	
MO-353 58	rug	MODENA	
MO-353 810	rug	MODENA	
MO-353 912	rug	MODENA	
MO-354 1014	rug	MODENA	
MO-354 23	rug	MODENA	
MO-354 2610	rug	MODENA	
MO-354 58	rug	MODENA	
MO-354 810	rug	MODENA	
MO-354 912	rug	MODENA	
MO-355 1014	rug	MODENA	
MO-355 23	rug	MODENA	
MO-355 2610	rug	MODENA	
MO-355 58	rug	MODENA	
MO-355 810	rug	MODENA	
MO-355 912	rug	MODENA	
MO-356 1014	rug	MODENA	
MO-356 23	rug	MODENA	
MO-356 2610	rug	MODENA	
MO-356 58	rug	MODENA	
MO-356 810	rug	MODENA	
MO-356 912	rug	MODENA	
MO-357 1014	rug	MODENA	
MO-357 23	rug	MODENA	
MO-357 2610	rug	MODENA	
MO-357 58	rug	MODENA	
MO-357 810	rug	MODENA	
MO-357 912	rug	MODENA	
MO-358 1014	rug	MODENA	
MO-358 23	rug	MODENA	
MO-358 2610	rug	MODENA	
MO-358 58	rug	MODENA	
MO-358 810	rug	MODENA	
MO-358 912	rug	MODENA	
MO-359 1014	rug	MODENA	
MO-359 23	rug	MODENA	
MO-359 2610	rug	MODENA	
MO-359 58	rug	MODENA	
MO-359 810	rug	MODENA	
MO-359 912	rug	MODENA	
MO-360 1014	rug	MODENA	
MO-360 23	rug	MODENA	
MO-360 2610	rug	MODENA	
MO-360 58	rug	MODENA	
MO-360 810	rug	MODENA	
MO-360 912	rug	MODENA	
MO-361 1014	rug	MODENA	
MO-361 23	rug	MODENA	
MO-361 2610	rug	MODENA	
MO-361 58	rug	MODENA	
MO-361 810	rug	MODENA	
MO-361 912	rug	MODENA	
MO-362 1014	rug	MODENA	
MO-362 23	rug	MODENA	
MO-362 2610	rug	MODENA	
MO-362 58	rug	MODENA	
MO-362 810	rug	MODENA	
MO-362 912	rug	MODENA	
NB-681 69	rug	NOMAD	
NM-060 23	rug	NEWPORT MANSIONS	
NM-061 23	rug	NEWPORT MANSIONS	
NM-061 69	rug	NEWPORT MANSIONS	
NM-061 810	rug	NEWPORT MANSIONS	
NM-062 1014	rug	NEWPORT MANSIONS	
NM-062 23	rug	NEWPORT MANSIONS	
NM-062 46	rug	NEWPORT MANSIONS	
NM-062 58	rug	NEWPORT MANSIONS	
NM-062 69	rug	NEWPORT MANSIONS	
NM-062 810	rug	NEWPORT MANSIONS	
NM-062 912	rug	NEWPORT MANSIONS	
NM-063 23	rug	NEWPORT MANSIONS	
NM-063 2610	rug	NEWPORT MANSIONS	
NM-063 69	rug	NEWPORT MANSIONS	
NM-064 23	rug	NEWPORT MANSIONS	
NM-064 2610	rug	NEWPORT MANSIONS	
NM-064 46	rug	NEWPORT MANSIONS	
NM-064 69	rug	NEWPORT MANSIONS	
NM-064 810	rug	NEWPORT MANSIONS	
NM-066 23	rug	NEWPORT MANSIONS	
NM-066 2610	rug	NEWPORT MANSIONS	
NM-066 69	rug	NEWPORT MANSIONS	
NM-066 810	rug	NEWPORT MANSIONS	
NM-067 1014	rug	NEWPORT MANSIONS	
NM-067 23	rug	NEWPORT MANSIONS	
NM-067 46	rug	NEWPORT MANSIONS	
NM-067 58	rug	NEWPORT MANSIONS	
NM-067 69	rug	NEWPORT MANSIONS	
NM-067 810	rug	NEWPORT MANSIONS	
NM-067 912	rug	NEWPORT MANSIONS	
NM-068 1014	rug	NEWPORT MANSIONS	
NM-068 23	rug	NEWPORT MANSIONS	
NM-068 2610	rug	NEWPORT MANSIONS	
NM-068 810	rug	NEWPORT MANSIONS	
NM-070 23	rug	NEWPORT MANSIONS	
NM-070 46	rug	NEWPORT MANSIONS	
NM-070 58	rug	NEWPORT MANSIONS	
NM-070 69	rug	NEWPORT MANSIONS	
NM-070 810	rug	NEWPORT MANSIONS	
NM-070 912	rug	NEWPORT MANSIONS	
NR-930 1014	rug	NIRVANA	
NR-930 1215	rug	NIRVANA	
NR-930 23	rug	NIRVANA	
NR-930 2610	rug	NIRVANA	
NR-930 35	rug	NIRVANA	
NR-930 46	rug	NIRVANA	
NR-930 69	rug	NIRVANA	
NR-930 810	rug	NIRVANA	
NR-930 912	rug	NIRVANA	
NR-931 23	rug	NIRVANA	
NR-931 2610	rug	NIRVANA	
NR-931 2612	rug	NIRVANA	
NR-931 268	rug	NIRVANA	
NR-931 46	rug	NIRVANA	
NR-931 69	rug	NIRVANA	
NR-931 810	rug	NIRVANA	
NR-931 912	rug	NIRVANA	
NR-932 23	rug	NIRVANA	
NR-932 2610	rug	NIRVANA	
NR-932 69	rug	NIRVANA	
NR-932 810	rug	NIRVANA	
NR-933 1014	rug	NIRVANA	
NR-933 23	rug	NIRVANA	
NR-933 2610	rug	NIRVANA	
NR-933 268	rug	NIRVANA	
NR-933 35	rug	NIRVANA	
NR-933 46	rug	NIRVANA	
NR-933 69	rug	NIRVANA	
NR-933 810	rug	NIRVANA	
NR-933 912	rug	NIRVANA	
NR-934 1014	rug	NIRVANA	
NR-934 1215	rug	NIRVANA	
NR-934 23	rug	NIRVANA	
NR-934 268	rug	NIRVANA	
NR-934 35	rug	NIRVANA	
NR-934 46	rug	NIRVANA	
NR-934 69	rug	NIRVANA	
NR-934 912	rug	NIRVANA	
NR-935 1215	rug	NIRVANA	
NR-935 23	rug	NIRVANA	
NR-935 2610	rug	NIRVANA	
NR-935 2612	rug	NIRVANA	
NR-935 268	rug	NIRVANA	
NR-935 69	rug	NIRVANA	
NV-610 23	rug	NOVA	
NV-610 2610	rug	NOVA	
NV-610 46	rug	NOVA	
NV-610 58	rug	NOVA	
NV-610 912	rug	NOVA	
NV-611 23	rug	NOVA	
NV-611 58	rug	NOVA	
NV-611 810	rug	NOVA	
NV-612 23	rug	NOVA	
NV-612 2610	rug	NOVA	
NV-612 46	rug	NOVA	
NV-612 58	rug	NOVA	
NV-612 69	rug	NOVA	
NV-612 810	rug	NOVA	
NV-613 23	rug	NOVA	
NV-613 2610	rug	NOVA	
NV-613 46	rug	NOVA	
NV-613 810	rug	NOVA	
NV-613 912	rug	NOVA	
NV-614 23	rug	NOVA	
NV-614 2610	rug	NOVA	
NV-614 46	rug	NOVA	
NV-614 58	rug	NOVA	
NV-614 69	rug	NOVA	
NV-615 23	rug	NOVA	
NV-615 2610	rug	NOVA	
NV-615 46	rug	NOVA	
NV-615 58	rug	NOVA	
NV-615 69	rug	NOVA	
NV-615 810	rug	NOVA	
NV-615 912	rug	NOVA	
NV-616 23	rug	NOVA	
NV-616 46	rug	NOVA	
NV-616 58	rug	NOVA	
NV-616 69	rug	NOVA	
NV-617 23	rug	NOVA	
NV-617 2610	rug	NOVA	
NV-617 58	rug	NOVA	
NV-617 69	rug	NOVA	
NV-617 912	rug	NOVA	
NV-619 46	rug	NOVA	
NV-619 58	rug	NOVA	
NV-619 810	rug	NOVA	
NV-619 912	rug	NOVA	
NV-620 23	rug	NOVA	
NV-620 2610	rug	NOVA	
NV-620 46	rug	NOVA	
NV-620 69	rug	NOVA	
NV-620 810	rug	NOVA	
NV-620 912	rug	NOVA	
NV-624 23	rug	NOVA	
NV-624 58	rug	NOVA	
NV-624 69	rug	NOVA	
NV-624 810	rug	NOVA	
NV-624 912	rug	NOVA	
NV-626 2610	rug	NOVA	
NV-626 46	rug	NOVA	
NV-626 58	rug	NOVA	
NV-626 69	rug	NOVA	
NV-626 810	rug	NOVA	
NV-626 912	rug	NOVA	
NV-630 23	rug	NOVA	
NV-630 2610	rug	NOVA	
NV-630 58	rug	NOVA	
NV-630 810	rug	NOVA	
NV-630 912	rug	NOVA	
NV-631 2610	rug	NOVA	
NV-631 46	rug	NOVA	
NV-631 58	rug	NOVA	
NV-631 69	rug	NOVA	
NV-631 912	rug	NOVA	
NV-632 2610	rug	NOVA	
NV-632 46	rug	NOVA	
NV-632 58	rug	NOVA	
NV-632 810	rug	NOVA	
NV-633 23	rug	NOVA	
NV-633 58	rug	NOVA	
OM-875 23	rug	OMNIA	
OM-875 69	rug	OMNIA	
OM-875 810	rug	OMNIA	
OM-875 912	rug	OMNIA	
OM-876 23	rug	OMNIA	
OM-876 69	rug	OMNIA	
OM-876 810	rug	OMNIA	
OM-876 912	rug	OMNIA	
OM-877 23	rug	OMNIA	
OM-877 69	rug	OMNIA	
OM-877 810	rug	OMNIA	
OM-877 912	rug	OMNIA	
OM-878 23	rug	OMNIA	
OM-878 69	rug	OMNIA	
OM-878 810	rug	OMNIA	
OM-878 912	rug	OMNIA	
OM-879 23	rug	OMNIA	
OM-879 69	rug	OMNIA	
OM-879 810	rug	OMNIA	
OM-879 912	rug	OMNIA	
OR-765 1014	rug	ORIGINS	
OR-765 1215	rug	ORIGINS	
OR-765 23	rug	ORIGINS	
OR-765 2610	rug	ORIGINS	
OR-765 46	rug	ORIGINS	
OR-765 69	rug	ORIGINS	
OR-765 810	rug	ORIGINS	
OR-765 912	rug	ORIGINS	
OR-768 1014	rug	ORIGINS	
OR-768 23	rug	ORIGINS	
OR-768 2610	rug	ORIGINS	
OR-768 35	rug	ORIGINS	
OR-768 46	rug	ORIGINS	
OR-768 69	rug	ORIGINS	
OR-768 810	rug	ORIGINS	
OR-768 912	rug	ORIGINS	
OR-771 1014	rug	ORIGINS	
OR-771 1215	rug	ORIGINS	
OR-771 23	rug	ORIGINS	
OR-771 2610	rug	ORIGINS	
OR-771 35	rug	ORIGINS	
OR-771 46	rug	ORIGINS	
OR-771 69	rug	ORIGINS	
OR-771 810	rug	ORIGINS	
OU-411 69	rug	OUSHAK	
OU-412 1218	rug	OUSHAK	
OU-412 2610	rug	OUSHAK	
OU-412 268	rug	OUSHAK	
OU-412 46	rug	OUSHAK	
OU-412 57	rug	OUSHAK	
OU-412 69	rug	OUSHAK	
OU-412 R6	rug	OUSHAK	
OU-412 S6	rug	OUSHAK	
OU-412 S8	rug	OUSHAK	
OU-415 1215	rug	OUSHAK	
OU-415 1218	rug	OUSHAK	
OU-415 23	rug	OUSHAK	
OU-415 2610	rug	OUSHAK	
OU-415 46	rug	OUSHAK	
OU-415 69	rug	OUSHAK	
OU-415 R10	rug	OUSHAK	
OU-415 R6	rug	OUSHAK	
OU-415 S10	rug	OUSHAK	
OU-415 S6	rug	OUSHAK	
OU-418 1014	rug	OUSHAK	
OU-418 1116	rug	OUSHAK	
OU-418 1218	rug	OUSHAK	
OU-418 2610	rug	OUSHAK	
OU-418 268	rug	OUSHAK	
OU-418 35	rug	OUSHAK	
OU-418 46	rug	OUSHAK	
OU-418 57	rug	OUSHAK	
OU-418 69	rug	OUSHAK	
OU-418 912	rug	OUSHAK	
OU-418 R10	rug	OUSHAK	
OU-418 R6	rug	OUSHAK	
OU-418 R8	rug	OUSHAK	
OU-418 S6	rug	OUSHAK	
OU-418 S8	rug	OUSHAK	
OU-419 1014	rug	OUSHAK	
OU-419 1116	rug	OUSHAK	
OU-419 1218	rug	OUSHAK	
OU-419 23	rug	OUSHAK	
OU-419 2610	rug	OUSHAK	
OU-419 2612	rug	OUSHAK	
OU-419 268	rug	OUSHAK	
OU-419 35	rug	OUSHAK	
OU-419 46	rug	OUSHAK	
OU-419 69	rug	OUSHAK	
OU-419 810	rug	OUSHAK	
OU-419 R8	rug	OUSHAK	
OU-419 S10	rug	OUSHAK	
OU-419 S8	rug	OUSHAK	
OU-445 1014	rug	OUSHAK	
OU-445 1218	rug	OUSHAK	
OU-445 23	rug	OUSHAK	
OU-445 2610	rug	OUSHAK	
OU-445 2612	rug	OUSHAK	
OU-445 268	rug	OUSHAK	
OU-445 46	rug	OUSHAK	
OU-445 69	rug	OUSHAK	
OU-445 912	rug	OUSHAK	
OU-445 R10	rug	OUSHAK	
OU-445 R6	rug	OUSHAK	
OU-445 R8	rug	OUSHAK	
OU-445 S10	rug	OUSHAK	
OU-445 S6	rug	OUSHAK	
OU-451 1014	rug	OUSHAK	
OU-451 1116	rug	OUSHAK	
OU-451 1215	rug	OUSHAK	
OU-451 1218	rug	OUSHAK	
OU-451 2610	rug	OUSHAK	
OU-451 35	rug	OUSHAK	
OU-451 912	rug	OUSHAK	
OU-451 R6	rug	OUSHAK	
OU-451 R8	rug	OUSHAK	
OU-451 S8	rug	OUSHAK	
OU-452 1014	rug	OUSHAK	
OU-452 1116	rug	OUSHAK	
OU-452 1215	rug	OUSHAK	
OU-452 1218	rug	OUSHAK	
OU-452 23	rug	OUSHAK	
OU-452 2610	rug	OUSHAK	
OU-452 2612	rug	OUSHAK	
OU-452 268	rug	OUSHAK	
OU-452 35	rug	OUSHAK	
OU-452 46	rug	OUSHAK	
OU-452 69	rug	OUSHAK	
OU-452 810	rug	OUSHAK	
OU-452 R6	rug	OUSHAK	
OU-452 R8	rug	OUSHAK	
OU-452 S6	rug	OUSHAK	
OU-452 S8	rug	OUSHAK	
OU-457 1014	rug	OUSHAK	
OU-457 1218	rug	OUSHAK	
OU-457 23	rug	OUSHAK	
OU-457 268	rug	OUSHAK	
OU-457 46	rug	OUSHAK	
OU-457 69	rug	OUSHAK	
OU-457 810	rug	OUSHAK	
OU-457 912	rug	OUSHAK	
OU-457 R10	rug	OUSHAK	
OU-457 R6	rug	OUSHAK	
OU-457 R8	rug	OUSHAK	
OU-457 S10	rug	OUSHAK	
OU-457 S6	rug	OUSHAK	
OU-457 S8	rug	OUSHAK	
OU-458 1014	rug	OUSHAK	
OU-458 1116	rug	OUSHAK	
OU-458 1218	rug	OUSHAK	
OU-458 23	rug	OUSHAK	
OU-458 2610	rug	OUSHAK	
OU-458 2612	rug	OUSHAK	
OU-458 35	rug	OUSHAK	
OU-458 46	rug	OUSHAK	
OU-458 57	rug	OUSHAK	
OU-458 69	rug	OUSHAK	
OU-458 810	rug	OUSHAK	
OU-458 912	rug	OUSHAK	
OU-458 R10	rug	OUSHAK	
OU-458 R6	rug	OUSHAK	
OU-458 S10	rug	OUSHAK	
OU-458 S6	rug	OUSHAK	
OU-459 1116	rug	OUSHAK	
OU-459 1215	rug	OUSHAK	
OU-459 1218	rug	OUSHAK	
OU-459 23	rug	OUSHAK	
OU-459 2610	rug	OUSHAK	
OU-459 35	rug	OUSHAK	
OU-459 57	rug	OUSHAK	
OU-459 69	rug	OUSHAK	
OU-459 810	rug	OUSHAK	
OU-459 R6	rug	OUSHAK	
OU-459 S6	rug	OUSHAK	
OU-459 S8	rug	OUSHAK	
PB-071 1422	rug	Bespoke Pillow	
PB-071 2222	rug	Bespoke Pillow	
PB-072 1422	rug	Bespoke Pillow	
PB-072 2222	rug	Bespoke Pillow	
PB-073 1422	rug	Bespoke Pillow	
PB-073 2222	rug	Bespoke Pillow	
PB-078 1422	rug	Bespoke Pillow	
PB-078 2222	rug	Bespoke Pillow	
PB-130 1422	rug	Bespoke Pillow	
PB-130 2222	rug	Bespoke Pillow	
PB-131 1422	rug	Bespoke Pillow	
PB-131 2222	rug	Bespoke Pillow	
PB-132 1422	rug	Bespoke Pillow	
PB-132 2222	rug	Bespoke Pillow	
PB-161 1422	rug	Bespoke Pillow	
PB-161 2222	rug	Bespoke Pillow	
PB-164 1422	rug	Bespoke Pillow	
PB-164 2222	rug	Bespoke Pillow	
PB-167 1422	rug	Bespoke Pillow	
PB-167 2222	rug	Bespoke Pillow	
PB-572 1422	rug	Bespoke Pillow	
PB-572 2222	rug	Bespoke Pillow	
PB-574 1422	rug	Bespoke Pillow	
PB-574 2222	rug	Bespoke Pillow	
PB-576 1422	rug	Bespoke Pillow	
PB-576 2222	rug	Bespoke Pillow	
PB-579 1422	rug	Bespoke Pillow	
PB-579 2222	rug	Bespoke Pillow	
PB-774 1422	rug	Bespoke Pillow	
PB-774 2222	rug	Bespoke Pillow	
PB-776 1422	rug	Bespoke Pillow	
PB-776 2222	rug	Bespoke Pillow	
PB-948 1422	rug	Bespoke Pillow	
PB-948 2222	rug	Bespoke Pillow	
PF-339 23	rug	PORTFOLIO	
PF-339 46	rug	PORTFOLIO	
PF-339 69	rug	PORTFOLIO	
PF-339 810	rug	PORTFOLIO	
PF-339 912	rug	PORTFOLIO	
PF-340 1014	rug	PORTFOLIO	
PF-340 23	rug	PORTFOLIO	
PF-340 2610	rug	PORTFOLIO	
PF-340 46	rug	PORTFOLIO	
PF-340 69	rug	PORTFOLIO	
PF-340 912	rug	PORTFOLIO	
PF-341 23	rug	PORTFOLIO	
PF-341 2610	rug	PORTFOLIO	
PF-341 46	rug	PORTFOLIO	
PF-341 69	rug	PORTFOLIO	
PF-341 810	rug	PORTFOLIO	
PF-343 23	rug	PORTFOLIO	
PF-343 2610	rug	PORTFOLIO	
PF-343 46	rug	PORTFOLIO	
PF-343 69	rug	PORTFOLIO	
PF-344 23	rug	PORTFOLIO	
PF-344 46	rug	PORTFOLIO	
PF-344 69	rug	PORTFOLIO	
PF-344 810	rug	PORTFOLIO	
PF-344 912	rug	PORTFOLIO	
PF-345 1014	rug	PORTFOLIO	
PF-345 23	rug	PORTFOLIO	
PF-345 46	rug	PORTFOLIO	
PF-345 69	rug	PORTFOLIO	
PF-345 810	rug	PORTFOLIO	
PF-345 912	rug	PORTFOLIO	
PF-348 23	rug	PORTFOLIO	
PF-348 46	rug	PORTFOLIO	
PF-348 69	rug	PORTFOLIO	
PF-348 810	rug	PORTFOLIO	
PF-348 912	rug	PORTFOLIO	
PF-353 23	rug	PORTFOLIO	
PF-353 2610	rug	PORTFOLIO	
PF-353 69	rug	PORTFOLIO	
PF-353 912	rug	PORTFOLIO	
PF-356 1014	rug	PORTFOLIO	
PF-356 23	rug	PORTFOLIO	
PF-356 2610	rug	PORTFOLIO	
PF-356 46	rug	PORTFOLIO	
PF-356 69	rug	PORTFOLIO	
PF-356 810	rug	PORTFOLIO	
PF-356 912	rug	PORTFOLIO	
PH-972 2610	rug	PASHA	
PH-973 1014	rug	PASHA	
PH-973 23	rug	PASHA	
PH-973 46	rug	PASHA	
PH-973 69	rug	PASHA	
PH-973 912	rug	PASHA	
PH-973 R6	rug	PASHA	
PH-974 1014	rug	PASHA	
PH-974 1215	rug	PASHA	
PH-974 23	rug	PASHA	
PH-975 23	rug	PASHA	
PH-975 46	rug	PASHA	
PH-975 69	rug	PASHA	
PH-976 23	rug	PASHA	
PH-976 268	rug	PASHA	
PH-978 23	rug	PASHA	
PH-978 69	rug	PASHA	
PH-978 R6	rug	PASHA	
PH-979 69	rug	PASHA	
PH-980 1215	rug	PASHA	
PH-980 2610	rug	PASHA	
PH-980 268	rug	PASHA	
PH-980 35	rug	PASHA	
PH-980 46	rug	PASHA	
PH-980 57	rug	PASHA	
PH-980 69	rug	PASHA	
PH-980 912	rug	PASHA	
PH-980 R10	rug	PASHA	
PH-982 69	rug	PASHA	
PH-983 1014	rug	PASHA	
PH-983 1215	rug	PASHA	
PH-983 23	rug	PASHA	
PH-983 2610	rug	PASHA	
PH-983 2612	rug	PASHA	
PH-983 268	rug	PASHA	
PH-983 35	rug	PASHA	
PH-983 46	rug	PASHA	
PH-983 57	rug	PASHA	
PH-983 69	rug	PASHA	
PH-983 R8	rug	PASHA	
PH-985 23	rug	PASHA	
PH-985 2610	rug	PASHA	
PH-985 268	rug	PASHA	
PH-985 57	rug	PASHA	
PH-985 69	rug	PASHA	
PH-985 R8	rug	PASHA	
PH-986 1014	rug	PASHA	
PH-986 1215	rug	PASHA	
PH-986 23	rug	PASHA	
PH-986 2610	rug	PASHA	
PH-986 2612	rug	PASHA	
PH-986 268	rug	PASHA	
PH-986 35	rug	PASHA	
PH-986 46	rug	PASHA	
PH-986 57	rug	PASHA	
PH-986 69	rug	PASHA	
PH-986 810	rug	PASHA	
PH-986 912	rug	PASHA	
PH-986 R6	rug	PASHA	
PH-992 1014	rug	PASHA	
PH-992 1215	rug	PASHA	
PH-992 23	rug	PASHA	
PH-992 2610	rug	PASHA	
PH-992 2612	rug	PASHA	
PH-992 268	rug	PASHA	
PH-992 35	rug	PASHA	
PH-992 46	rug	PASHA	
PH-992 57	rug	PASHA	
PH-992 69	rug	PASHA	
PH-992 810	rug	PASHA	
PH-992 R6	rug	PASHA	
PH-995 23	rug	PASHA	
PH-995 2610	rug	PASHA	
PH-995 268	rug	PASHA	
PH-995 35	rug	PASHA	
PH-995 46	rug	PASHA	
PH-995 69	rug	PASHA	
PH-995 810	rug	PASHA	
PH-995 R10	rug	PASHA	
PH-995 R6	rug	PASHA	
PL-190 1422	rug	Soumak Pillow	
PL-190 2222	rug	Soumak Pillow	
PL-192 1422	rug	Soumak Pillow	
PL-192 2222	rug	Soumak Pillow	
PL-194 1422	rug	Soumak Pillow	
PL-194 2222	rug	Soumak Pillow	
PL-195 1422	rug	Soumak Pillow	
PL-195 2222	rug	Soumak Pillow	
PL-196 1422	rug	Soumak Pillow	
PL-196 2222	rug	Soumak Pillow	
PL-198 1422	rug	Soumak Pillow	
PL-198 2222	rug	Soumak Pillow	
PL-199 1422	rug	Soumak Pillow	
PL-199 2222	rug	Soumak Pillow	
PL-200 1422	rug	Soumak Pillow	
PL-200 2222	rug	Soumak Pillow	
PL-216 1422	rug	Soumak Pillow	
PL-216 2222	rug	Soumak Pillow	
PL-220 1422	rug	Soumak Pillow	
PL-220 2222	rug	Soumak Pillow	
PL-221 1422	rug	Soumak Pillow	
PL-221 2222	rug	Soumak Pillow	
PL-224 1422	rug	Soumak Pillow	
PL-224 2222	rug	Soumak Pillow	
PL-233 1422	rug	Soumak Pillow	
PL-233 2222	rug	Soumak Pillow	
PL-234 1422	rug	Soumak Pillow	
PL-234 2222	rug	Soumak Pillow	
PL-247 1422	rug	Soumak Pillow	
PL-247 2222	rug	Soumak Pillow	
PL-250 1422	rug	Soumak Pillow	
PL-250 2222	rug	Soumak Pillow	
PL-268 1422	rug	Soumak Pillow	
PL-268 2222	rug	Soumak Pillow	
PL-273 1422	rug	Soumak Pillow	
PL-273 2222	rug	Soumak Pillow	
PL-274 1422	rug	Soumak Pillow	
PL-274 2222	rug	Soumak Pillow	
PL-479 1422	rug	Soumak Pillow	
PL-479 2222	rug	Soumak Pillow	
PL-480 1422	rug	Soumak Pillow	
PL-480 2222	rug	Soumak Pillow	
PL-481 1422	rug	Soumak Pillow	
PL-481 2222	rug	Soumak Pillow	
PL-790 1422	rug	Soumak Pillow	
PL-790 2222	rug	Soumak Pillow	
PL-792 1422	rug	Soumak Pillow	
PL-792 2222	rug	Soumak Pillow	
PL-793 1422	rug	Soumak Pillow	
PL-793 2222	rug	Soumak Pillow	
PL-795 1422	rug	Soumak Pillow	
PL-795 2222	rug	Soumak Pillow	
PO-015 1014	rug	POLARIS	
PO-015 1215	rug	POLARIS	
PO-015 23	rug	POLARIS	
PO-015 2610	rug	POLARIS	
PO-015 46	rug	POLARIS	
PO-015 69	rug	POLARIS	
PO-015 810	rug	POLARIS	
PO-015 912	rug	POLARIS	
PO-016 1014	rug	POLARIS	
PO-016 1215	rug	POLARIS	
PO-016 23	rug	POLARIS	
PO-016 2610	rug	POLARIS	
PO-016 46	rug	POLARIS	
PO-016 69	rug	POLARIS	
PO-016 810	rug	POLARIS	
PO-016 912	rug	POLARIS	
PO-017 1014	rug	POLARIS	
PO-017 1215	rug	POLARIS	
PO-017 23	rug	POLARIS	
PO-017 2610	rug	POLARIS	
PO-017 46	rug	POLARIS	
PO-017 69	rug	POLARIS	
PO-017 810	rug	POLARIS	
PO-017 912	rug	POLARIS	
PO-018 1014	rug	POLARIS	
PO-018 1215	rug	POLARIS	
PO-018 23	rug	POLARIS	
PO-018 2610	rug	POLARIS	
PO-018 46	rug	POLARIS	
PO-018 69	rug	POLARIS	
PO-018 810	rug	POLARIS	
PO-018 912	rug	POLARIS	
PO-019 1014	rug	POLARIS	
PO-019 1215	rug	POLARIS	
PO-019 23	rug	POLARIS	
PO-019 2610	rug	POLARIS	
PO-019 46	rug	POLARIS	
PO-019 69	rug	POLARIS	
PO-019 810	rug	POLARIS	
PO-019 912	rug	POLARIS	
PO-020 1014	rug	POLARIS	
PO-020 1215	rug	POLARIS	
PO-020 23	rug	POLARIS	
PO-020 2610	rug	POLARIS	
PO-020 46	rug	POLARIS	
PO-020 69	rug	POLARIS	
PO-020 810	rug	POLARIS	
PO-020 912	rug	POLARIS	
PO-021 1014	rug	POLARIS	
PO-021 1215	rug	POLARIS	
PO-021 23	rug	POLARIS	
PO-021 2610	rug	POLARIS	
PO-021 46	rug	POLARIS	
PO-021 69	rug	POLARIS	
PO-021 810	rug	POLARIS	
PO-021 912	rug	POLARIS	
PS-501 46	rug	LE PALAIS	
PS-501 69	rug	LE PALAIS	
PS-501 810	rug	LE PALAIS	
PS-501 912	rug	LE PALAIS	
PS-510 69	rug	LE PALAIS	
PS-521 69	rug	LE PALAIS	
PS-521 810	rug	LE PALAIS	
PS-521 912	rug	LE PALAIS	
PS-540 69	rug	LE PALAIS	
RE-860 23	rug	ROYAL MANNER ESTATES	
RE-860 2610	rug	ROYAL MANNER ESTATES	
RE-860 35	rug	ROYAL MANNER ESTATES	
RE-860 46	rug	ROYAL MANNER ESTATES	
RE-860 69	rug	ROYAL MANNER ESTATES	
RE-860 810	rug	ROYAL MANNER ESTATES	
RE-861 23	rug	ROYAL MANNER ESTATES	
RE-861 2610	rug	ROYAL MANNER ESTATES	
RE-861 35	rug	ROYAL MANNER ESTATES	
RE-861 46	rug	ROYAL MANNER ESTATES	
RE-861 69	rug	ROYAL MANNER ESTATES	
RE-861 810	rug	ROYAL MANNER ESTATES	
RE-861 912	rug	ROYAL MANNER ESTATES	
RE-863 1215	rug	ROYAL MANNER ESTATES	
RE-863 23	rug	ROYAL MANNER ESTATES	
RE-863 35	rug	ROYAL MANNER ESTATES	
RE-863 69	rug	ROYAL MANNER ESTATES	
RE-863 810	rug	ROYAL MANNER ESTATES	
RE-864 1014	rug	ROYAL MANNER ESTATES	
RE-864 23	rug	ROYAL MANNER ESTATES	
RE-864 2610	rug	ROYAL MANNER ESTATES	
RE-864 35	rug	ROYAL MANNER ESTATES	
RE-864 69	rug	ROYAL MANNER ESTATES	
RE-864 810	rug	ROYAL MANNER ESTATES	
RE-865 1014	rug	ROYAL MANNER ESTATES	
RE-865 23	rug	ROYAL MANNER ESTATES	
RE-865 2610	rug	ROYAL MANNER ESTATES	
RE-865 46	rug	ROYAL MANNER ESTATES	
RE-865 69	rug	ROYAL MANNER ESTATES	
RE-865 912	rug	ROYAL MANNER ESTATES	
RE-866 23	rug	ROYAL MANNER ESTATES	
RE-866 2610	rug	ROYAL MANNER ESTATES	
RE-866 35	rug	ROYAL MANNER ESTATES	
RE-866 46	rug	ROYAL MANNER ESTATES	
RE-866 69	rug	ROYAL MANNER ESTATES	
RE-866 810	rug	ROYAL MANNER ESTATES	
RE-867 1215	rug	ROYAL MANNER ESTATES	
RE-867 23	rug	ROYAL MANNER ESTATES	
RE-867 2610	rug	ROYAL MANNER ESTATES	
RE-867 35	rug	ROYAL MANNER ESTATES	
RE-867 46	rug	ROYAL MANNER ESTATES	
RE-867 69	rug	ROYAL MANNER ESTATES	
RE-867 810	rug	ROYAL MANNER ESTATES	
RE-867 912	rug	ROYAL MANNER ESTATES	
RH-781 1215	rug	ROYAL MANNER HERITAG	
RH-781 69	rug	ROYAL MANNER HERITAG	
RL-916 2610	rug	ROYALE	
RL-916 46	rug	ROYALE	
RL-916 69	rug	ROYALE	
RL-918 46	rug	ROYALE	
RL-918 69	rug	ROYALE	
RL-919 1218	rug	ROYALE	
RL-919 35	rug	ROYALE	
RL-919 46	rug	ROYALE	
RL-919 69	rug	ROYALE	
RL-919 S6	rug	ROYALE	
RL-935 1215	rug	ROYALE	
RL-935 69	rug	ROYALE	
RL-935 R8	rug	ROYALE	
RM-721 1014	rug	ROYAL MANNER DERBYSH	
RM-721 1215	rug	ROYAL MANNER DERBYSH	
RM-721 23	rug	ROYAL MANNER DERBYSH	
RM-721 2610	rug	ROYAL MANNER DERBYSH	
RM-721 2612	rug	ROYAL MANNER DERBYSH	
RM-721 268	rug	ROYAL MANNER DERBYSH	
RM-721 35	rug	ROYAL MANNER DERBYSH	
RM-721 46	rug	ROYAL MANNER DERBYSH	
RM-721 69	rug	ROYAL MANNER DERBYSH	
RM-721 912	rug	ROYAL MANNER DERBYSH	
RM-721 R6	rug	ROYAL MANNER DERBYSH	
RM-721 S10	rug	ROYAL MANNER DERBYSH	
RM-721 S6	rug	ROYAL MANNER DERBYSH	
RM-721 S8	rug	ROYAL MANNER DERBYSH	
RM-722 23	rug	ROYAL MANNER DERBYSH	
RM-722 2610	rug	ROYAL MANNER DERBYSH	
RM-722 46	rug	ROYAL MANNER DERBYSH	
RM-722 69	rug	ROYAL MANNER DERBYSH	
RM-722 810	rug	ROYAL MANNER DERBYSH	
RM-722 S6	rug	ROYAL MANNER DERBYSH	
RM-723 1014	rug	ROYAL MANNER DERBYSH	
RM-723 1215	rug	ROYAL MANNER DERBYSH	
RM-723 23	rug	ROYAL MANNER DERBYSH	
RM-723 2610	rug	ROYAL MANNER DERBYSH	
RM-723 268	rug	ROYAL MANNER DERBYSH	
RM-723 35	rug	ROYAL MANNER DERBYSH	
RM-723 46	rug	ROYAL MANNER DERBYSH	
RM-723 69	rug	ROYAL MANNER DERBYSH	
RM-723 S10	rug	ROYAL MANNER DERBYSH	
RM-723 S8	rug	ROYAL MANNER DERBYSH	
RM-725 1014	rug	ROYAL MANNER DERBYSH	
RM-725 1215	rug	ROYAL MANNER DERBYSH	
RM-725 23	rug	ROYAL MANNER DERBYSH	
RM-725 2610	rug	ROYAL MANNER DERBYSH	
RM-725 35	rug	ROYAL MANNER DERBYSH	
RM-725 46	rug	ROYAL MANNER DERBYSH	
RM-725 810	rug	ROYAL MANNER DERBYSH	
RM-725 912	rug	ROYAL MANNER DERBYSH	
RM-725 R10	rug	ROYAL MANNER DERBYSH	
RM-725 R8	rug	ROYAL MANNER DERBYSH	
RM-725 S6	rug	ROYAL MANNER DERBYSH	
RM-725 S8	rug	ROYAL MANNER DERBYSH	
RM-726 23	rug	ROYAL MANNER DERBYSH	
RM-726 46	rug	ROYAL MANNER DERBYSH	
RM-726 69	rug	ROYAL MANNER DERBYSH	
RM-726 810	rug	ROYAL MANNER DERBYSH	
RM-727 23	rug	ROYAL MANNER DERBYSH	
RM-730 1014	rug	ROYAL MANNER DERBYSH	
RM-730 1215	rug	ROYAL MANNER DERBYSH	
RM-730 23	rug	ROYAL MANNER DERBYSH	
RM-730 2612	rug	ROYAL MANNER DERBYSH	
RM-730 268	rug	ROYAL MANNER DERBYSH	
RM-730 46	rug	ROYAL MANNER DERBYSH	
RM-730 69	rug	ROYAL MANNER DERBYSH	
RM-730 810	rug	ROYAL MANNER DERBYSH	
RM-730 912	rug	ROYAL MANNER DERBYSH	
RM-730 R8	rug	ROYAL MANNER DERBYSH	
RM-730 S10	rug	ROYAL MANNER DERBYSH	
RM-730 S6	rug	ROYAL MANNER DERBYSH	
RM-730 S8	rug	ROYAL MANNER DERBYSH	
RM-736 1215	rug	ROYAL MANNER DERBYSH	
RM-736 23	rug	ROYAL MANNER DERBYSH	
RM-736 2610	rug	ROYAL MANNER DERBYSH	
RM-736 2612	rug	ROYAL MANNER DERBYSH	
RM-736 268	rug	ROYAL MANNER DERBYSH	
RM-736 35	rug	ROYAL MANNER DERBYSH	
RM-736 46	rug	ROYAL MANNER DERBYSH	
RM-736 69	rug	ROYAL MANNER DERBYSH	
RM-736 810	rug	ROYAL MANNER DERBYSH	
RM-736 912	rug	ROYAL MANNER DERBYSH	
RM-736 R10	rug	ROYAL MANNER DERBYSH	
RM-736 R6	rug	ROYAL MANNER DERBYSH	
RM-736 R8	rug	ROYAL MANNER DERBYSH	
RM-736 S6	rug	ROYAL MANNER DERBYSH	
RM-736 S8	rug	ROYAL MANNER DERBYSH	
RM-737 1014	rug	ROYAL MANNER DERBYSH	
RM-737 1215	rug	ROYAL MANNER DERBYSH	
RM-737 23	rug	ROYAL MANNER DERBYSH	
RM-737 2610	rug	ROYAL MANNER DERBYSH	
RM-737 2612	rug	ROYAL MANNER DERBYSH	
RM-737 268	rug	ROYAL MANNER DERBYSH	
RM-737 35	rug	ROYAL MANNER DERBYSH	
RM-737 46	rug	ROYAL MANNER DERBYSH	
RM-737 69	rug	ROYAL MANNER DERBYSH	
RM-737 810	rug	ROYAL MANNER DERBYSH	
RM-737 R10	rug	ROYAL MANNER DERBYSH	
RM-737 R8	rug	ROYAL MANNER DERBYSH	
RM-737 S10	rug	ROYAL MANNER DERBYSH	
RM-737 S6	rug	ROYAL MANNER DERBYSH	
RM-737 S8	rug	ROYAL MANNER DERBYSH	
RV-509 69	rug	RIVIERA	
RV-545 69	rug	RIVIERA	
RV-545 810	rug	RIVIERA	
RV-610 69	rug	RIVIERA	
RV-614 69	rug	RIVIERA	
RV-615 1218	rug	RIVIERA	
RV-615 69	rug	RIVIERA	
RY-060 1014	rug	REMY	
RY-060 1215	rug	REMY	
RY-060 23	rug	REMY	
RY-060 2610	rug	REMY	
RY-060 46	rug	REMY	
RY-060 69	rug	REMY	
RY-060 810	rug	REMY	
RY-060 912	rug	REMY	
RY-061 1014	rug	REMY	
RY-061 1215	rug	REMY	
RY-061 23	rug	REMY	
RY-061 2610	rug	REMY	
RY-061 46	rug	REMY	
RY-061 69	rug	REMY	
RY-061 810	rug	REMY	
RY-061 912	rug	REMY	
RY-062 1014	rug	REMY	
RY-062 1215	rug	REMY	
RY-062 23	rug	REMY	
RY-062 2610	rug	REMY	
RY-062 46	rug	REMY	
RY-062 69	rug	REMY	
RY-062 810	rug	REMY	
RY-062 912	rug	REMY	
RY-063 1014	rug	REMY	
RY-063 1215	rug	REMY	
RY-063 23	rug	REMY	
RY-063 2610	rug	REMY	
RY-063 46	rug	REMY	
RY-063 69	rug	REMY	
RY-063 810	rug	REMY	
RY-063 912	rug	REMY	
RY-064 23	rug	REMY	
RY-064 69	rug	REMY	
RY-064 810	rug	REMY	
RY-064 912	rug	REMY	
RY-065 23	rug	REMY	
RY-065 69	rug	REMY	
RY-065 810	rug	REMY	
RY-065 912	rug	REMY	
RY-066 23	rug	REMY	
RY-066 69	rug	REMY	
RY-066 810	rug	REMY	
RY-066 912	rug	REMY	
RY-067 23	rug	REMY	
RY-067 69	rug	REMY	
RY-067 810	rug	REMY	
RY-067 912	rug	REMY	
RY-068 23	rug	REMY	
RY-068 69	rug	REMY	
RY-068 810	rug	REMY	
RY-068 912	rug	REMY	
RZ-540 1014	rug	RENZO	
RZ-540 1215	rug	RENZO	
RZ-540 23	rug	RENZO	
RZ-540 2610	rug	RENZO	
RZ-540 46	rug	RENZO	
RZ-540 69	rug	RENZO	
RZ-540 810	rug	RENZO	
RZ-540 912	rug	RENZO	
RZ-541 1014	rug	RENZO	
RZ-541 1215	rug	RENZO	
RZ-541 23	rug	RENZO	
RZ-541 2610	rug	RENZO	
RZ-541 46	rug	RENZO	
RZ-541 69	rug	RENZO	
RZ-541 810	rug	RENZO	
RZ-541 912	rug	RENZO	
RZ-542 1014	rug	RENZO	
RZ-542 1215	rug	RENZO	
RZ-542 23	rug	RENZO	
RZ-542 2610	rug	RENZO	
RZ-542 46	rug	RENZO	
RZ-542 69	rug	RENZO	
RZ-542 810	rug	RENZO	
RZ-542 912	rug	RENZO	
RZ-543 1014	rug	RENZO	
RZ-543 1215	rug	RENZO	
RZ-543 23	rug	RENZO	
RZ-543 2610	rug	RENZO	
RZ-543 46	rug	RENZO	
RZ-543 69	rug	RENZO	
RZ-543 810	rug	RENZO	
RZ-543 912	rug	RENZO	
RZ-544 1014	rug	RENZO	
RZ-544 1215	rug	RENZO	
RZ-544 23	rug	RENZO	
RZ-544 2610	rug	RENZO	
RZ-544 46	rug	RENZO	
RZ-544 69	rug	RENZO	
RZ-544 810	rug	RENZO	
RZ-544 912	rug	RENZO	
RZ-545 1014	rug	RENZO	
RZ-545 1215	rug	RENZO	
RZ-545 23	rug	RENZO	
RZ-545 2610	rug	RENZO	
RZ-545 46	rug	RENZO	
RZ-545 69	rug	RENZO	
RZ-545 810	rug	RENZO	
RZ-545 912	rug	RENZO	
SA-103 810	rug	ASARA	
SA-114 810	rug	ASARA	
SA-114 912	rug	ASARA	
SA-120 1014	rug	ASARA	
SA-120 810	rug	ASARA	
SA-120 912	rug	ASARA	
SA1245 1014	rug	ASARA	
SA1245 810	rug	ASARA	
SA1245 912	rug	ASARA	
SA129 810	rug	ASARA	
SA129 912	rug	ASARA	
SA4041 1014	rug	ASARA	
SA4041 810	rug	ASARA	
SA4041 912	rug	ASARA	
SA4094 1014	rug	ASARA	
SA4094 1215	rug	ASARA	
SA4094 810	rug	ASARA	
SA4094 912	rug	ASARA	
SA4095 1014	rug	ASARA	
SA4095 1215	rug	ASARA	
SA4095 1218	rug	ASARA	
SA4095 810	rug	ASARA	
SA4095 912	rug	ASARA	
SA5022 1014	rug	ASARA	
SA5022 810	rug	ASARA	
SA5022 912	rug	ASARA	
SA5057 1014	rug	ASARA	
SA5057 810	rug	ASARA	
SA5057 912	rug	ASARA	
SA-507 1215	rug	ASARA	
SA-507 810	rug	ASARA	
SA-507 912	rug	ASARA	
SA6016 1014	rug	ASARA	
SA6016 810	rug	ASARA	
SA6016 912	rug	ASARA	
SA6020 1014	rug	ASARA	
SA6020 810	rug	ASARA	
SA6020 912	rug	ASARA	
SA6294 1014	rug	ASARA	
SA6294 810	rug	ASARA	
SA6294 912	rug	ASARA	
SA7225 810	rug	ASARA	
SA7317 1014	rug	ASARA	
SA7317 6393	rug	ASARA	
SA7317 810	rug	ASARA	
SA7317 912	rug	ASARA	
SA7319 1014	rug	ASARA	
SA7319 810	rug	ASARA	
SA7319 912	rug	ASARA	
SA7831 1215	rug	ASARA	
SA7831 912	rug	ASARA	
SA8450 810	rug	ASARA	
SC-055 23	rug	SOLSTICE	
SC-055 2610	rug	SOLSTICE	
SC-055 58	rug	SOLSTICE	
SC-055 810	rug	SOLSTICE	
SC-055 912	rug	SOLSTICE	
SC-056 1014	rug	SOLSTICE	
SC-056 23	rug	SOLSTICE	
SC-056 2610	rug	SOLSTICE	
SC-056 58	rug	SOLSTICE	
SC-056 810	rug	SOLSTICE	
SC-056 912	rug	SOLSTICE	
SC-057 1014	rug	SOLSTICE	
SC-057 23	rug	SOLSTICE	
SC-057 2610	rug	SOLSTICE	
SC-057 58	rug	SOLSTICE	
SC-057 810	rug	SOLSTICE	
SC-057 912	rug	SOLSTICE	
SC-058 1014	rug	SOLSTICE	
SC-058 23	rug	SOLSTICE	
SC-058 2610	rug	SOLSTICE	
SC-058 58	rug	SOLSTICE	
SC-058 810	rug	SOLSTICE	
SC-058 912	rug	SOLSTICE	
SC-059 1014	rug	SOLSTICE	
SC-059 23	rug	SOLSTICE	
SC-059 2610	rug	SOLSTICE	
SC-059 58	rug	SOLSTICE	
SC-059 810	rug	SOLSTICE	
SC-059 912	rug	SOLSTICE	
SC-060 1014	rug	SOLSTICE	
SC-060 23	rug	SOLSTICE	
SC-060 2610	rug	SOLSTICE	
SC-060 58	rug	SOLSTICE	
SC-060 810	rug	SOLSTICE	
SC-060 912	rug	SOLSTICE	
SC-061 1014	rug	SOLSTICE	
SC-061 23	rug	SOLSTICE	
SC-061 2610	rug	SOLSTICE	
SC-061 58	rug	SOLSTICE	
SC-061 810	rug	SOLSTICE	
SC-061 912	rug	SOLSTICE	
SC-062 1014	rug	SOLSTICE	
SC-062 23	rug	SOLSTICE	
SC-062 2610	rug	SOLSTICE	
SC-062 58	rug	SOLSTICE	
SC-062 810	rug	SOLSTICE	
SC-062 912	rug	SOLSTICE	
SE-205 1014	rug	SERENITY	
SE-205 23	rug	SERENITY	
SE-205 2610	rug	SERENITY	
SE-205 46	rug	SERENITY	
SE-205 69	rug	SERENITY	
SE-205 810	rug	SERENITY	
SE-205 912	rug	SERENITY	
SE-207 1014	rug	SERENITY	
SE-207 23	rug	SERENITY	
SE-207 2610	rug	SERENITY	
SE-207 46	rug	SERENITY	
SE-207 69	rug	SERENITY	
SE-207 810	rug	SERENITY	
SE-207 912	rug	SERENITY	
SE-208 1014	rug	SERENITY	
SE-208 23	rug	SERENITY	
SE-208 2610	rug	SERENITY	
SE-208 46	rug	SERENITY	
SE-208 69	rug	SERENITY	
SE-208 810	rug	SERENITY	
SE-208 912	rug	SERENITY	
SE-209 1014	rug	SERENITY	
SE-209 23	rug	SERENITY	
SE-209 2610	rug	SERENITY	
SE-209 46	rug	SERENITY	
SE-209 69	rug	SERENITY	
SE-209 810	rug	SERENITY	
SE-209 912	rug	SERENITY	
SG-626 1014	rug	SERENGETI	
SG-626 23	rug	SERENGETI	
SG-626 268	rug	SERENGETI	
SG-626 46	rug	SERENGETI	
SG-626 58	rug	SERENGETI	
SG-626 810	rug	SERENGETI	
SG-626 912	rug	SERENGETI	
SG-627 1014	rug	SERENGETI	
SG-627 23	rug	SERENGETI	
SG-627 268	rug	SERENGETI	
SG-627 46	rug	SERENGETI	
SG-627 58	rug	SERENGETI	
SG-627 810	rug	SERENGETI	
SG-627 912	rug	SERENGETI	
SG-628 1014	rug	SERENGETI	
SG-628 23	rug	SERENGETI	
SG-628 268	rug	SERENGETI	
SG-628 46	rug	SERENGETI	
SG-628 58	rug	SERENGETI	
SG-628 810	rug	SERENGETI	
SG-628 912	rug	SERENGETI	
SG-629 1014	rug	SERENGETI	
SG-629 23	rug	SERENGETI	
SG-629 268	rug	SERENGETI	
SG-629 46	rug	SERENGETI	
SG-629 58	rug	SERENGETI	
SG-629 810	rug	SERENGETI	
SG-629 912	rug	SERENGETI	
SG-630 1014	rug	SERENGETI	
SG-630 23	rug	SERENGETI	
SG-630 268	rug	SERENGETI	
SG-630 46	rug	SERENGETI	
SG-630 58	rug	SERENGETI	
SG-630 810	rug	SERENGETI	
SG-630 912	rug	SERENGETI	
SG-631 1014	rug	SERENGETI	
SG-631 23	rug	SERENGETI	
SG-631 268	rug	SERENGETI	
SG-631 46	rug	SERENGETI	
SG-631 58	rug	SERENGETI	
SG-631 810	rug	SERENGETI	
SG-631 912	rug	SERENGETI	
SJ-466 23	rug	SHAJAHAN	
SJ-466 57	rug	SHAJAHAN	
SJ-467 23	rug	SHAJAHAN	
SJ-467 810	rug	SHAJAHAN	
SJ-467 912	rug	SHAJAHAN	
SJ-468 1014	rug	SHAJAHAN	
SJ-468 23	rug	SHAJAHAN	
SJ-468 46	rug	SHAJAHAN	
SJ-468 57	rug	SHAJAHAN	
SJ-468 69	rug	SHAJAHAN	
SJ-468 810	rug	SHAJAHAN	
SJ-469 2610	rug	SHAJAHAN	
SJ-470 57	rug	SHAJAHAN	
SJ-471 23	rug	SHAJAHAN	
SJ-472 23	rug	SHAJAHAN	
SJ-472 2610	rug	SHAJAHAN	
SJ-472 35	rug	SHAJAHAN	
SJ-472 69	rug	SHAJAHAN	
SJ-472 912	rug	SHAJAHAN	
SJ-473 23	rug	SHAJAHAN	
SL-246 1014	rug	SOUMAK NATURAL	
SL-246 1215	rug	SOUMAK NATURAL	
SL-246 23	rug	SOUMAK NATURAL	
SL-246 2610	rug	SOUMAK NATURAL	
SL-246 268	rug	SOUMAK NATURAL	
SL-246 35	rug	SOUMAK NATURAL	
SL-246 46	rug	SOUMAK NATURAL	
SL-246 912	rug	SOUMAK NATURAL	
SL-247 1014	rug	SOUMAK NATURAL	
SL-247 1215	rug	SOUMAK NATURAL	
SL-247 23	rug	SOUMAK NATURAL	
SL-247 2612	rug	SOUMAK NATURAL	
SL-247 268	rug	SOUMAK NATURAL	
SL-247 35	rug	SOUMAK NATURAL	
SL-247 46	rug	SOUMAK NATURAL	
SL-247 810	rug	SOUMAK NATURAL	
SL-247 912	rug	SOUMAK NATURAL	
SL-248 1215	rug	SOUMAK NATURAL	
SL-248 23	rug	SOUMAK NATURAL	
SL-248 2610	rug	SOUMAK NATURAL	
SL-248 2612	rug	SOUMAK NATURAL	
SL-248 268	rug	SOUMAK NATURAL	
SL-248 46	rug	SOUMAK NATURAL	
SL-248 69	rug	SOUMAK NATURAL	
SL-248 810	rug	SOUMAK NATURAL	
SL-249 1014	rug	SOUMAK NATURAL	
SL-249 1215	rug	SOUMAK NATURAL	
SL-249 23	rug	SOUMAK NATURAL	
SL-249 2610	rug	SOUMAK NATURAL	
SL-249 2612	rug	SOUMAK NATURAL	
SL-249 268	rug	SOUMAK NATURAL	
SL-249 46	rug	SOUMAK NATURAL	
SL-249 69	rug	SOUMAK NATURAL	
SL-249 810	rug	SOUMAK NATURAL	
SL-249 912	rug	SOUMAK NATURAL	
SL-250 1215	rug	SOUMAK NATURAL	
SL-250 23	rug	SOUMAK NATURAL	
SL-250 2610	rug	SOUMAK NATURAL	
SL-250 268	rug	SOUMAK NATURAL	
SL-250 35	rug	SOUMAK NATURAL	
SL-250 46	rug	SOUMAK NATURAL	
SL-250 69	rug	SOUMAK NATURAL	
SL-250 810	rug	SOUMAK NATURAL	
SL-250 912	rug	SOUMAK NATURAL	
SL-251 1215	rug	SOUMAK NATURAL	
SL-251 23	rug	SOUMAK NATURAL	
SL-251 2610	rug	SOUMAK NATURAL	
SL-251 2612	rug	SOUMAK NATURAL	
SL-251 268	rug	SOUMAK NATURAL	
SL-251 35	rug	SOUMAK NATURAL	
SL-251 46	rug	SOUMAK NATURAL	
SL-251 69	rug	SOUMAK NATURAL	
SL-251 810	rug	SOUMAK NATURAL	
SL-251 912	rug	SOUMAK NATURAL	
SL-252 1014	rug	SOUMAK NATURAL	
SL-252 23	rug	SOUMAK NATURAL	
SL-252 2610	rug	SOUMAK NATURAL	
SL-252 2612	rug	SOUMAK NATURAL	
SL-252 268	rug	SOUMAK NATURAL	
SL-252 35	rug	SOUMAK NATURAL	
SL-252 46	rug	SOUMAK NATURAL	
SL-252 69	rug	SOUMAK NATURAL	
SL-252 810	rug	SOUMAK NATURAL	
SL-252 912	rug	SOUMAK NATURAL	
SL-253 1014	rug	SOUMAK NATURAL	
SL-253 1215	rug	SOUMAK NATURAL	
SL-253 23	rug	SOUMAK NATURAL	
SL-253 2610	rug	SOUMAK NATURAL	
SL-253 2612	rug	SOUMAK NATURAL	
SL-253 35	rug	SOUMAK NATURAL	
SL-253 69	rug	SOUMAK NATURAL	
SL-253 810	rug	SOUMAK NATURAL	
SL-253 912	rug	SOUMAK NATURAL	
SN-840 23	rug	SONATA	
SN-840 2610	rug	SONATA	
SN-840 46	rug	SONATA	
SN-840 912	rug	SONATA	
SN-841 1014	rug	SONATA	
SN-841 23	rug	SONATA	
SN-841 268	rug	SONATA	
SN-841 35	rug	SONATA	
SN-841 46	rug	SONATA	
SN-841 69	rug	SONATA	
SN-841 810	rug	SONATA	
SN-841 912	rug	SONATA	
SN-842 23	rug	SONATA	
SN-842 2610	rug	SONATA	
SN-842 268	rug	SONATA	
SN-842 35	rug	SONATA	
SN-842 46	rug	SONATA	
SN-842 69	rug	SONATA	
SN-843 1014	rug	SONATA	
SN-843 1215	rug	SONATA	
SN-843 2612	rug	SONATA	
SN-843 268	rug	SONATA	
SN-843 69	rug	SONATA	
SN-843 912	rug	SONATA	
SN-844 1014	rug	SONATA	
SN-844 23	rug	SONATA	
SN-844 2610	rug	SONATA	
SN-844 2612	rug	SONATA	
SN-844 268	rug	SONATA	
SN-844 35	rug	SONATA	
SN-844 46	rug	SONATA	
SN-844 69	rug	SONATA	
SN-844 810	rug	SONATA	
SN-845 23	rug	SONATA	
SN-845 2610	rug	SONATA	
SN-845 268	rug	SONATA	
SN-845 46	rug	SONATA	
SN-845 69	rug	SONATA	
SN-845 810	rug	SONATA	
SN-845 912	rug	SONATA	
SP-235 1218	rug	SIERRA	
SP-235 268	rug	SIERRA	
SP-235 410	rug	SIERRA	
SP-235 46	rug	SIERRA	
SP-235 69	rug	SIERRA	
SP-235 R10	rug	SIERRA	
SP-235 S8	rug	SIERRA	
SP-236 1215	rug	SIERRA	
SP-236 1218	rug	SIERRA	
SP-236 23	rug	SIERRA	
SP-236 2610	rug	SIERRA	
SP-236 R10	rug	SIERRA	
SP-237 1014	rug	SIERRA	
SP-237 23	rug	SIERRA	
SP-237 2610	rug	SIERRA	
SP-237 R10	rug	SIERRA	
SP-237 R6	rug	SIERRA	
SP-237 R8	rug	SIERRA	
SP-237 S8	rug	SIERRA	
SP-238 1218	rug	SIERRA	
SP-238 410	rug	SIERRA	
SP-238 S8	rug	SIERRA	
SP-239 23	rug	SIERRA	
SP-240 23	rug	SIERRA	
SP-240 2612	rug	SIERRA	
SP-240 35	rug	SIERRA	
SP-240 46	rug	SIERRA	
SP-240 48	rug	SIERRA	
SP-240 R10	rug	SIERRA	
SP-242 1218	rug	SIERRA	
SP-243 1218	rug	SIERRA	
SP-243 23	rug	SIERRA	
SP-243 2612	rug	SIERRA	
SP-243 810	rug	SIERRA	
SP-244 1014	rug	SIERRA	
SP-244 1218	rug	SIERRA	
SP-244 23	rug	SIERRA	
SP-244 R10	rug	SIERRA	
SP-245 23	rug	SIERRA	
SR-201 1014	rug	UMBRIA	
SR-201 69	rug	UMBRIA	
SR-201 810	rug	UMBRIA	
SR-201 912	rug	UMBRIA	
SR-203 1014	rug	UMBRIA	
SR-203 69	rug	UMBRIA	
SR-203 810	rug	UMBRIA	
SR-203 912	rug	UMBRIA	
SR-207 1014	rug	UMBRIA	
SR-207 69	rug	UMBRIA	
SR-207 810	rug	UMBRIA	
SR-207 912	rug	UMBRIA	
SR-208 1014	rug	UMBRIA	
SR-208 69	rug	UMBRIA	
SR-208 810	rug	UMBRIA	
SR-208 912	rug	UMBRIA	
SR-209 1014	rug	UMBRIA	
SR-209 69	rug	UMBRIA	
SR-209 810	rug	UMBRIA	
SR-209 912	rug	UMBRIA	
SR-210 1014	rug	UMBRIA	
SR-210 69	rug	UMBRIA	
SR-210 810	rug	UMBRIA	
SR-210 912	rug	UMBRIA	
ST-525 1014	rug	SPECTRA	
ST-525 23	rug	SPECTRA	
ST-525 2610	rug	SPECTRA	
ST-525 46	rug	SPECTRA	
ST-525 69	rug	SPECTRA	
ST-525 810	rug	SPECTRA	
ST-525 912	rug	SPECTRA	
ST-526 1014	rug	SPECTRA	
ST-526 23	rug	SPECTRA	
ST-526 2610	rug	SPECTRA	
ST-526 46	rug	SPECTRA	
ST-526 69	rug	SPECTRA	
ST-526 810	rug	SPECTRA	
ST-526 912	rug	SPECTRA	
ST-527 1014	rug	SPECTRA	
ST-527 23	rug	SPECTRA	
ST-527 2610	rug	SPECTRA	
ST-527 46	rug	SPECTRA	
ST-527 69	rug	SPECTRA	
ST-527 810	rug	SPECTRA	
ST-527 912	rug	SPECTRA	
ST-528 1014	rug	SPECTRA	
ST-528 23	rug	SPECTRA	
ST-528 2610	rug	SPECTRA	
ST-528 46	rug	SPECTRA	
ST-528 69	rug	SPECTRA	
ST-528 810	rug	SPECTRA	
ST-528 912	rug	SPECTRA	
ST-529 1014	rug	SPECTRA	
ST-529 23	rug	SPECTRA	
ST-529 2610	rug	SPECTRA	
ST-529 46	rug	SPECTRA	
ST-529 69	rug	SPECTRA	
ST-529 810	rug	SPECTRA	
ST-529 912	rug	SPECTRA	
SU-100 1215	rug	SOUMAK	
SU-100 1218	rug	SOUMAK	
SU-100 23	rug	SOUMAK	
SU-100 35	rug	SOUMAK	
SU-100 46	rug	SOUMAK	
SU-100 69	rug	SOUMAK	
SU-100 R10	rug	SOUMAK	
SU-100 S10	rug	SOUMAK	
SU-100 S6	rug	SOUMAK	
SU-110 69	rug	SOUMAK	
SU-110 S6	rug	SOUMAK	
SU-114 1014	rug	SOUMAK	
SU-114 1215	rug	SOUMAK	
SU-114 1218	rug	SOUMAK	
SU-114 23	rug	SOUMAK	
SU-114 2610	rug	SOUMAK	
SU-114 2612	rug	SOUMAK	
SU-114 268	rug	SOUMAK	
SU-114 35	rug	SOUMAK	
SU-114 46	rug	SOUMAK	
SU-114 48	rug	SOUMAK	
SU-114 69	rug	SOUMAK	
SU-114 810	rug	SOUMAK	
SU-114 912	rug	SOUMAK	
SU-114 R10	rug	SOUMAK	
SU-114 R6	rug	SOUMAK	
SU-114 S10	rug	SOUMAK	
SU-114 S6	rug	SOUMAK	
SU-114 S8	rug	SOUMAK	
SU-115 1014	rug	SOUMAK	
SU-115 1215	rug	SOUMAK	
SU-115 1218	rug	SOUMAK	
SU-115 23	rug	SOUMAK	
SU-115 2612	rug	SOUMAK	
SU-115 268	rug	SOUMAK	
SU-115 35	rug	SOUMAK	
SU-115 410	rug	SOUMAK	
SU-115 46	rug	SOUMAK	
SU-115 48	rug	SOUMAK	
SU-115 69	rug	SOUMAK	
SU-115 810	rug	SOUMAK	
SU-115 912	rug	SOUMAK	
SU-115 R10	rug	SOUMAK	
SU-115 R6	rug	SOUMAK	
SU-115 R8	rug	SOUMAK	
SU-115 S10	rug	SOUMAK	
SU-115 S6	rug	SOUMAK	
SU-119 35	rug	SOUMAK	
SU-119 69	rug	SOUMAK	
SU-128 1218	rug	SOUMAK	
SU-128 2612	rug	SOUMAK	
SU-128 48	rug	SOUMAK	
SU-128 69	rug	SOUMAK	
SU-128 R6	rug	SOUMAK	
SU-128 S6	rug	SOUMAK	
SU-129 1014	rug	SOUMAK	
SU-129 2610	rug	SOUMAK	
SU-129 410	rug	SOUMAK	
SU-129 69	rug	SOUMAK	
SU-129 810	rug	SOUMAK	
SU-129 R10	rug	SOUMAK	
SU-129 R6	rug	SOUMAK	
SU-141 23	rug	SOUMAK	
SU-141 35	rug	SOUMAK	
SU-141 69	rug	SOUMAK	
SU-143 R10	rug	SOUMAK	
SU-144 R10	rug	SOUMAK	
SU-144 R8	rug	SOUMAK	
SU-144 S6	rug	SOUMAK	
SU-146 1218	rug	SOUMAK	
SU-146 2610	rug	SOUMAK	
SU-146 2612	rug	SOUMAK	
SU-146 R6	rug	SOUMAK	
SU-147 1014	rug	SOUMAK	
SU-147 1215	rug	SOUMAK	
SU-147 1218	rug	SOUMAK	
SU-147 23	rug	SOUMAK	
SU-147 2610	rug	SOUMAK	
SU-147 2612	rug	SOUMAK	
SU-147 46	rug	SOUMAK	
SU-147 69	rug	SOUMAK	
SU-147 810	rug	SOUMAK	
SU-147 912	rug	SOUMAK	
SU-147 R6	rug	SOUMAK	
SU-147 R8	rug	SOUMAK	
SU-147 S6	rug	SOUMAK	
SU-148 1014	rug	SOUMAK	
SU-148 1218	rug	SOUMAK	
SU-148 23	rug	SOUMAK	
SU-148 2610	rug	SOUMAK	
SU-148 2612	rug	SOUMAK	
SU-148 268	rug	SOUMAK	
SU-148 35	rug	SOUMAK	
SU-148 46	rug	SOUMAK	
SU-148 48	rug	SOUMAK	
SU-148 69	rug	SOUMAK	
SU-148 R6	rug	SOUMAK	
SU-148 R8	rug	SOUMAK	
SU-148 S10	rug	SOUMAK	
SU-148 S6	rug	SOUMAK	
SU-149 1215	rug	SOUMAK	
SU-149 1218	rug	SOUMAK	
SU-149 23	rug	SOUMAK	
SU-149 912	rug	SOUMAK	
SU-149 R10	rug	SOUMAK	
SU-149 R6	rug	SOUMAK	
SU-149 S6	rug	SOUMAK	
SU-151 1014	rug	SOUMAK	
SU-151 1215	rug	SOUMAK	
SU-151 23	rug	SOUMAK	
SU-151 2610	rug	SOUMAK	
SU-151 2612	rug	SOUMAK	
SU-151 268	rug	SOUMAK	
SU-151 48	rug	SOUMAK	
SU-151 69	rug	SOUMAK	
SU-151 912	rug	SOUMAK	
SU-151 S10	rug	SOUMAK	
SU-153 1218	rug	SOUMAK	
SU-153 810	rug	SOUMAK	
SU-153 912	rug	SOUMAK	
SU-153 R6	rug	SOUMAK	
SU-153 S6	rug	SOUMAK	
SU-154 1218	rug	SOUMAK	
SU-154 69	rug	SOUMAK	
SU-181 23	rug	SOUMAK	
SU-181 2610	rug	SOUMAK	
SU-181 48	rug	SOUMAK	
SU-181 69	rug	SOUMAK	
SU-181 R10	rug	SOUMAK	
SU-181 R6	rug	SOUMAK	
SU-181 R8	rug	SOUMAK	
SU-181 S6	rug	SOUMAK	
SU-189 1014	rug	SOUMAK	
SU-189 1215	rug	SOUMAK	
SU-189 1218	rug	SOUMAK	
SU-189 23	rug	SOUMAK	
SU-189 2610	rug	SOUMAK	
SU-189 2612	rug	SOUMAK	
SU-189 268	rug	SOUMAK	
SU-189 35	rug	SOUMAK	
SU-189 410	rug	SOUMAK	
SU-189 46	rug	SOUMAK	
SU-189 48	rug	SOUMAK	
SU-189 69	rug	SOUMAK	
SU-189 810	rug	SOUMAK	
SU-189 912	rug	SOUMAK	
SU-189 R10	rug	SOUMAK	
SU-189 R6	rug	SOUMAK	
SU-189 R8	rug	SOUMAK	
SU-189 S6	rug	SOUMAK	
SU-189 S8	rug	SOUMAK	
SU-192 23	rug	SOUMAK	
SU-192 2610	rug	SOUMAK	
SU-192 2612	rug	SOUMAK	
SU-192 410	rug	SOUMAK	
SU-192 46	rug	SOUMAK	
SU-192 48	rug	SOUMAK	
SU-192 R10	rug	SOUMAK	
SU-192 R8	rug	SOUMAK	
SU-192 S6	rug	SOUMAK	
SU-196 2610	rug	SOUMAK	
SU-196 69	rug	SOUMAK	
SU-196 R8	rug	SOUMAK	
SU-196 S6	rug	SOUMAK	
SU-199 2612	rug	SOUMAK	
SU-199 35	rug	SOUMAK	
SU-199 R6	rug	SOUMAK	
SU-199 S6	rug	SOUMAK	
SU-200 23	rug	SOUMAK	
SU-200 69	rug	SOUMAK	
SU-200 R8	rug	SOUMAK	
SU-200 S6	rug	SOUMAK	
SU-202 1014	rug	SOUMAK	
SU-202 23	rug	SOUMAK	
SU-202 2610	rug	SOUMAK	
SU-202 2612	rug	SOUMAK	
SU-202 35	rug	SOUMAK	
SU-202 46	rug	SOUMAK	
SU-202 69	rug	SOUMAK	
SU-202 810	rug	SOUMAK	
SU-202 912	rug	SOUMAK	
SU-202 R6	rug	SOUMAK	
SU-202 S6	rug	SOUMAK	
SU-202 S8	rug	SOUMAK	
SU-203 1218	rug	SOUMAK	
SU-203 410	rug	SOUMAK	
SU-203 S6	rug	SOUMAK	
SU-204 1218	rug	SOUMAK	
SU-204 23	rug	SOUMAK	
SU-204 2612	rug	SOUMAK	
SU-204 35	rug	SOUMAK	
SU-204 48	rug	SOUMAK	
SU-204 69	rug	SOUMAK	
SU-205 1218	rug	SOUMAK	
SU-206 1218	rug	SOUMAK	
SU-206 23	rug	SOUMAK	
SU-206 2610	rug	SOUMAK	
SU-206 268	rug	SOUMAK	
SU-206 48	rug	SOUMAK	
SU-210 23	rug	SOUMAK	
SU-210 46	rug	SOUMAK	
SU-210 69	rug	SOUMAK	
SU-210 R6	rug	SOUMAK	
SU-210 R8	rug	SOUMAK	
SU-212 23	rug	SOUMAK	
SU-212 69	rug	SOUMAK	
SU-213 23	rug	SOUMAK	
SU-213 2612	rug	SOUMAK	
SU-213 46	rug	SOUMAK	
SU-214 23	rug	SOUMAK	
SU-214 69	rug	SOUMAK	
SU-214 R10	rug	SOUMAK	
SU-214 R6	rug	SOUMAK	
SU-214 R8	rug	SOUMAK	
SU-215 2610	rug	SOUMAK	
SU-215 2612	rug	SOUMAK	
SU-215 69	rug	SOUMAK	
SU-215 R10	rug	SOUMAK	
SU-215 R8	rug	SOUMAK	
SU-223 23	rug	SOUMAK	
SU-223 2610	rug	SOUMAK	
SU-223 268	rug	SOUMAK	
SU-223 35	rug	SOUMAK	
SU-223 410	rug	SOUMAK	
SU-223 48	rug	SOUMAK	
SU-223 69	rug	SOUMAK	
SU-223 R6	rug	SOUMAK	
SU-226 1014	rug	SOUMAK	
SU-226 1215	rug	SOUMAK	
SU-226 1218	rug	SOUMAK	
SU-226 23	rug	SOUMAK	
SU-226 2610	rug	SOUMAK	
SU-226 268	rug	SOUMAK	
SU-226 410	rug	SOUMAK	
SU-226 46	rug	SOUMAK	
SU-226 48	rug	SOUMAK	
SU-226 69	rug	SOUMAK	
SU-226 R10	rug	SOUMAK	
SU-226 R6	rug	SOUMAK	
SU-226 R8	rug	SOUMAK	
SU-226 S10	rug	SOUMAK	
SU-227 1014	rug	SOUMAK	
SU-227 1215	rug	SOUMAK	
SU-227 1218	rug	SOUMAK	
SU-227 23	rug	SOUMAK	
SU-227 35	rug	SOUMAK	
SU-227 410	rug	SOUMAK	
SU-227 46	rug	SOUMAK	
SU-227 48	rug	SOUMAK	
SU-227 R6	rug	SOUMAK	
SU-227 S10	rug	SOUMAK	
SU-266 1014	rug	SOUMAK	
SU-266 1215	rug	SOUMAK	
SU-266 1218	rug	SOUMAK	
SU-266 23	rug	SOUMAK	
SU-266 2610	rug	SOUMAK	
SU-266 2612	rug	SOUMAK	
SU-266 268	rug	SOUMAK	
SU-266 35	rug	SOUMAK	
SU-266 46	rug	SOUMAK	
SU-266 810	rug	SOUMAK	
SU-266 912	rug	SOUMAK	
SU-266 R6	rug	SOUMAK	
SU-266 R8	rug	SOUMAK	
SU-266 S10	rug	SOUMAK	
SU-266 S6	rug	SOUMAK	
SU-266 S8	rug	SOUMAK	
SV-746 1014	rug	SEVILLE	
SV-746 23	rug	SEVILLE	
SV-746 2610	rug	SEVILLE	
SV-746 46	rug	SEVILLE	
SV-746 69	rug	SEVILLE	
SV-746 810	rug	SEVILLE	
SV-746 912	rug	SEVILLE	
SV-747 1014	rug	SEVILLE	
SV-747 23	rug	SEVILLE	
SV-747 2610	rug	SEVILLE	
SV-747 46	rug	SEVILLE	
SV-747 69	rug	SEVILLE	
SV-747 810	rug	SEVILLE	
SV-747 912	rug	SEVILLE	
SV-748 1014	rug	SEVILLE	
SV-748 23	rug	SEVILLE	
SV-748 2610	rug	SEVILLE	
SV-748 46	rug	SEVILLE	
SV-748 69	rug	SEVILLE	
SV-748 810	rug	SEVILLE	
SV-748 912	rug	SEVILLE	
SV-750 1014	rug	SEVILLE	
SV-750 23	rug	SEVILLE	
SV-750 2610	rug	SEVILLE	
SV-750 46	rug	SEVILLE	
SV-750 69	rug	SEVILLE	
SV-750 810	rug	SEVILLE	
SV-750 912	rug	SEVILLE	
SV-752 1014	rug	SEVILLE	
SV-752 23	rug	SEVILLE	
SV-752 2610	rug	SEVILLE	
SV-752 46	rug	SEVILLE	
SV-752 69	rug	SEVILLE	
SV-752 810	rug	SEVILLE	
SV-752 912	rug	SEVILLE	
SV-753 1014	rug	SEVILLE	
SV-753 23	rug	SEVILLE	
SV-753 2610	rug	SEVILLE	
SV-753 46	rug	SEVILLE	
SV-753 69	rug	SEVILLE	
SV-753 810	rug	SEVILLE	
SV-753 912	rug	SEVILLE	
SV-754 1014	rug	SEVILLE	
SV-754 23	rug	SEVILLE	
SV-754 2610	rug	SEVILLE	
SV-754 46	rug	SEVILLE	
SV-754 69	rug	SEVILLE	
SV-754 810	rug	SEVILLE	
SV-754 912	rug	SEVILLE	
SV-755 1014	rug	SEVILLE	
SV-755 23	rug	SEVILLE	
SV-755 2610	rug	SEVILLE	
SV-755 46	rug	SEVILLE	
SV-755 69	rug	SEVILLE	
SV-755 810	rug	SEVILLE	
SV-755 912	rug	SEVILLE	
SV-756 1014	rug	SEVILLE	
SV-756 23	rug	SEVILLE	
SV-756 2610	rug	SEVILLE	
SV-756 46	rug	SEVILLE	
SV-756 69	rug	SEVILLE	
SV-756 810	rug	SEVILLE	
SV-756 912	rug	SEVILLE	
SV-757 1014	rug	SEVILLE	
SV-757 23	rug	SEVILLE	
SV-757 2610	rug	SEVILLE	
SV-757 46	rug	SEVILLE	
SV-757 69	rug	SEVILLE	
SV-757 810	rug	SEVILLE	
SV-757 912	rug	SEVILLE	
SV-758 1014	rug	SEVILLE	
SV-758 23	rug	SEVILLE	
SV-758 2610	rug	SEVILLE	
SV-758 46	rug	SEVILLE	
SV-758 69	rug	SEVILLE	
SV-758 810	rug	SEVILLE	
SV-758 912	rug	SEVILLE	
TC-601 1014	rug	TUSCANY	
TC-601 1116	rug	TUSCANY	
TC-601 1218	rug	TUSCANY	
TC-601 2610	rug	TUSCANY	
TC-601 2612	rug	TUSCANY	
TC-601 268	rug	TUSCANY	
TC-601 69	rug	TUSCANY	
TC-601 810	rug	TUSCANY	
TC-602 1218	rug	TUSCANY	
TC-602 23	rug	TUSCANY	
TC-602 46	rug	TUSCANY	
TC-602 69	rug	TUSCANY	
TC-603 1014	rug	TUSCANY	
TC-603 1116	rug	TUSCANY	
TC-603 2610	rug	TUSCANY	
TC-603 2612	rug	TUSCANY	
TC-603 46	rug	TUSCANY	
TC-604 1116	rug	TUSCANY	
TC-604 2610	rug	TUSCANY	
TC-604 2612	rug	TUSCANY	
TC-604 268	rug	TUSCANY	
TC-604 35	rug	TUSCANY	
TC-604 46	rug	TUSCANY	
TC-604 69	rug	TUSCANY	
TC-605 23	rug	TUSCANY	
TC-605 2610	rug	TUSCANY	
TC-605 69	rug	TUSCANY	
TC-605 912	rug	TUSCANY	
TC-606 1014	rug	TUSCANY	
TC-606 1218	rug	TUSCANY	
TC-606 23	rug	TUSCANY	
TC-606 2610	rug	TUSCANY	
TC-606 35	rug	TUSCANY	
TC-606 69	rug	TUSCANY	
TE-650 1014	rug	TERRA	
TE-650 1215	rug	TERRA	
TE-650 23	rug	TERRA	
TE-650 2610	rug	TERRA	
TE-650 46	rug	TERRA	
TE-650 69	rug	TERRA	
TE-650 810	rug	TERRA	
TE-650 912	rug	TERRA	
TE-651 1014	rug	TERRA	
TE-651 1215	rug	TERRA	
TE-651 23	rug	TERRA	
TE-651 2610	rug	TERRA	
TE-651 46	rug	TERRA	
TE-651 69	rug	TERRA	
TE-651 810	rug	TERRA	
TE-651 912	rug	TERRA	
TE-652 1014	rug	TERRA	
TE-652 1215	rug	TERRA	
TE-652 23	rug	TERRA	
TE-652 2610	rug	TERRA	
TE-652 46	rug	TERRA	
TE-652 69	rug	TERRA	
TE-652 810	rug	TERRA	
TE-652 912	rug	TERRA	
TE-653 1014	rug	TERRA	
TE-653 1215	rug	TERRA	
TE-653 23	rug	TERRA	
TE-653 2610	rug	TERRA	
TE-653 46	rug	TERRA	
TE-653 69	rug	TERRA	
TE-653 810	rug	TERRA	
TE-653 912	rug	TERRA	
TE-654 1014	rug	TERRA	
TE-654 1215	rug	TERRA	
TE-654 23	rug	TERRA	
TE-654 2610	rug	TERRA	
TE-654 46	rug	TERRA	
TE-654 69	rug	TERRA	
TE-654 810	rug	TERRA	
TE-654 912	rug	TERRA	
TE-655 1014	rug	TERRA	
TE-655 1215	rug	TERRA	
TE-655 23	rug	TERRA	
TE-655 2610	rug	TERRA	
TE-655 46	rug	TERRA	
TE-655 69	rug	TERRA	
TE-655 810	rug	TERRA	
TE-655 912	rug	TERRA	
TE-656 1014	rug	TERRA	
TE-656 1215	rug	TERRA	
TE-656 23	rug	TERRA	
TE-656 2610	rug	TERRA	
TE-656 46	rug	TERRA	
TE-656 69	rug	TERRA	
TE-656 810	rug	TERRA	
TE-656 912	rug	TERRA	
TE-657 1014	rug	TERRA	
TE-657 1215	rug	TERRA	
TE-657 23	rug	TERRA	
TE-657 2610	rug	TERRA	
TE-657 46	rug	TERRA	
TE-657 69	rug	TERRA	
TE-657 810	rug	TERRA	
TE-657 912	rug	TERRA	
TE-658 1014	rug	TERRA	
TE-658 1215	rug	TERRA	
TE-658 23	rug	TERRA	
TE-658 2610	rug	TERRA	
TE-658 46	rug	TERRA	
TE-658 69	rug	TERRA	
TE-658 810	rug	TERRA	
TE-658 912	rug	TERRA	
TE-659 1014	rug	TERRA	
TE-659 1215	rug	TERRA	
TE-659 23	rug	TERRA	
TE-659 2610	rug	TERRA	
TE-659 46	rug	TERRA	
TE-659 69	rug	TERRA	
TE-659 810	rug	TERRA	
TE-659 912	rug	TERRA	
TE-660 1014	rug	TERRA	
TE-660 1215	rug	TERRA	
TE-660 23	rug	TERRA	
TE-660 2610	rug	TERRA	
TE-660 46	rug	TERRA	
TE-660 69	rug	TERRA	
TE-660 810	rug	TERRA	
TE-660 912	rug	TERRA	
TH-375 1215	rug	TAHARA	
TH-375 1218	rug	TAHARA	
TH-375 23	rug	TAHARA	
TH-375 2610	rug	TAHARA	
TH-375 268	rug	TAHARA	
TH-375 35	rug	TAHARA	
TH-375 46	rug	TAHARA	
TH-375 69	rug	TAHARA	
TH-376 1014	rug	TAHARA	
TH-376 23	rug	TAHARA	
TH-376 46	rug	TAHARA	
TH-376 69	rug	TAHARA	
TH-376 810	rug	TAHARA	
TH-377 1014	rug	TAHARA	
TH-377 1215	rug	TAHARA	
TH-377 23	rug	TAHARA	
TH-377 46	rug	TAHARA	
TH-377 69	rug	TAHARA	
TH-377 810	rug	TAHARA	
TH-377 912	rug	TAHARA	
TH-378 1215	rug	TAHARA	
TH-378 2610	rug	TAHARA	
TH-378 35	rug	TAHARA	
TH-378 46	rug	TAHARA	
TH-378 912	rug	TAHARA	
TH-379 23	rug	TAHARA	
TH-379 2610	rug	TAHARA	
TH-379 69	rug	TAHARA	
TH-382 23	rug	TAHARA	
TH-383 23	rug	TAHARA	
TH-383 2610	rug	TAHARA	
TH-383 810	rug	TAHARA	
TH-384 23	rug	TAHARA	
TH-384 2610	rug	TAHARA	
TH-384 46	rug	TAHARA	
TH-384 69	rug	TAHARA	
TH-384 912	rug	TAHARA	
TK-480 1116	rug	TABERNACLE	
TK-480 1215	rug	TABERNACLE	
TK-480 69	rug	TABERNACLE	
TK-481 1014	rug	TABERNACLE	
TK-481 1116	rug	TABERNACLE	
TK-481 2610	rug	TABERNACLE	
TK-481 46	rug	TABERNACLE	
TK-481 69	rug	TABERNACLE	
TK-481 810	rug	TABERNACLE	
TK-482 1215	rug	TABERNACLE	
TK-482 46	rug	TABERNACLE	
TK-483 1218	rug	TABERNACLE	
TK-484 1014	rug	TABERNACLE	
TK-484 1116	rug	TABERNACLE	
TK-484 810	rug	TABERNACLE	
TK-485 1215	rug	TABERNACLE	
TK-485 2610	rug	TABERNACLE	
TK-485 2612	rug	TABERNACLE	
TK-485 69	rug	TABERNACLE	
TK-485 810	rug	TABERNACLE	
TR-552 69	rug	TABRIZ	
TR-554 R6	rug	TABRIZ	
TR-555 1218	rug	TABRIZ	
TR-555 R10	rug	TABRIZ	
TY-670 1014	rug	THEORY	
TY-670 23	rug	THEORY	
TY-670 58	rug	THEORY	
TY-670 810	rug	THEORY	
TY-670 912	rug	THEORY	
TY-671 1014	rug	THEORY	
TY-671 23	rug	THEORY	
TY-671 58	rug	THEORY	
TY-671 810	rug	THEORY	
TY-671 912	rug	THEORY	
TY-672 1014	rug	THEORY	
TY-672 23	rug	THEORY	
TY-672 58	rug	THEORY	
TY-672 810	rug	THEORY	
TY-672 912	rug	THEORY	
TY-673 1014	rug	THEORY	
TY-673 23	rug	THEORY	
TY-673 266	rug	THEORY	
TY-673 268	rug	THEORY	
TY-673 58	rug	THEORY	
TY-673 810	rug	THEORY	
TY-673 912	rug	THEORY	
TY-674 1014	rug	THEORY	
TY-674 23	rug	THEORY	
TY-674 58	rug	THEORY	
TY-674 810	rug	THEORY	
TY-674 912	rug	THEORY	
TY-675 1014	rug	THEORY	
TY-675 23	rug	THEORY	
TY-675 58	rug	THEORY	
TY-675 810	rug	THEORY	
TY-675 912	rug	THEORY	
TY-676 1014	rug	THEORY	
TY-676 23	rug	THEORY	
TY-676 268	rug	THEORY	
TY-676 58	rug	THEORY	
TY-676 810	rug	THEORY	
TY-676 912	rug	THEORY	
TY-677 1014	rug	THEORY	
TY-677 23	rug	THEORY	
TY-677 58	rug	THEORY	
TY-677 810	rug	THEORY	
TY-677 912	rug	THEORY	
TY-678 1014	rug	THEORY	
TY-678 23	rug	THEORY	
TY-678 58	rug	THEORY	
TY-678 810	rug	THEORY	
TY-678 912	rug	THEORY	
TY-679 1014	rug	THEORY	
TY-679 23	rug	THEORY	
TY-679 58	rug	THEORY	
TY-679 810	rug	THEORY	
TY-679 912	rug	THEORY	
TZ-331 23	rug	TERRAZZO	
TZ-332 1014	rug	TERRAZZO	
TZ-332 23	rug	TERRAZZO	
TZ-332 46	rug	TERRAZZO	
TZ-332 58	rug	TERRAZZO	
TZ-332 69	rug	TERRAZZO	
TZ-332 810	rug	TERRAZZO	
TZ-332 912	rug	TERRAZZO	
TZ-334 23	rug	TERRAZZO	
TZ-334 46	rug	TERRAZZO	
TZ-334 69	rug	TERRAZZO	
US-102 1014	rug	UMBRIA	
US-102 69	rug	UMBRIA	
US-102 810	rug	UMBRIA	
US-102 912	rug	UMBRIA	
US-105 1014	rug	UMBRIA	
US-105 69	rug	UMBRIA	
US-105 810	rug	UMBRIA	
US-105 912	rug	UMBRIA	
US-106 1014	rug	UMBRIA	
US-106 69	rug	UMBRIA	
US-106 810	rug	UMBRIA	
US-106 912	rug	UMBRIA	
US-107 1014	rug	UMBRIA	
US-107 69	rug	UMBRIA	
US-107 810	rug	UMBRIA	
US-107 912	rug	UMBRIA	
US-108 1014	rug	UMBRIA	
US-108 69	rug	UMBRIA	
US-108 810	rug	UMBRIA	
US-108 912	rug	UMBRIA	
US-109 1014	rug	UMBRIA	
US-109 69	rug	UMBRIA	
US-109 810	rug	UMBRIA	
US-109 912	rug	UMBRIA	
US-110 1014	rug	UMBRIA	
US-110 69	rug	UMBRIA	
US-110 810	rug	UMBRIA	
US-110 912	rug	UMBRIA	
US-111 1014	rug	UMBRIA	
US-111 69	rug	UMBRIA	
US-111 810	rug	UMBRIA	
US-111 912	rug	UMBRIA	
US-114 1014	rug	UMBRIA	
US-114 69	rug	UMBRIA	
US-114 810	rug	UMBRIA	
US-114 912	rug	UMBRIA	
US-115 1014	rug	UMBRIA	
US-115 69	rug	UMBRIA	
US-115 810	rug	UMBRIA	
US-115 912	rug	UMBRIA	
US-117 1014	rug	UMBRIA	
US-117 69	rug	UMBRIA	
US-117 810	rug	UMBRIA	
US-117 912	rug	UMBRIA	
US-130 1014	rug	UMBRIA	
US-130 69	rug	UMBRIA	
US-130 810	rug	UMBRIA	
US-130 912	rug	UMBRIA	
US-143 1014	rug	UMBRIA	
US-143 69	rug	UMBRIA	
US-143 810	rug	UMBRIA	
US-143 912	rug	UMBRIA	
VL-520 23	rug	VALENCIA	
VL-520 2610	rug	VALENCIA	
VL-520 46	rug	VALENCIA	
VL-520 57	rug	VALENCIA	
VL-520 810	rug	VALENCIA	
VL-520 912	rug	VALENCIA	
VL-521 1014	rug	VALENCIA	
VL-521 23	rug	VALENCIA	
VL-521 2610	rug	VALENCIA	
VL-521 46	rug	VALENCIA	
VL-521 57	rug	VALENCIA	
VL-521 69	rug	VALENCIA	
VL-521 912	rug	VALENCIA	
VL-522 23	rug	VALENCIA	
VL-522 2610	rug	VALENCIA	
VL-522 46	rug	VALENCIA	
VL-522 69	rug	VALENCIA	
VL-522 810	rug	VALENCIA	
VL-522 912	rug	VALENCIA	
VL-523 1014	rug	VALENCIA	
VL-523 23	rug	VALENCIA	
VL-523 2610	rug	VALENCIA	
VL-523 46	rug	VALENCIA	
VL-523 57	rug	VALENCIA	
VL-523 810	rug	VALENCIA	
VL-523 912	rug	VALENCIA	
VL-524 1014	rug	VALENCIA	
VL-524 23	rug	VALENCIA	
VL-524 2610	rug	VALENCIA	
VL-524 46	rug	VALENCIA	
VL-524 57	rug	VALENCIA	
VL-524 69	rug	VALENCIA	
VL-524 912	rug	VALENCIA	
VL-525 1014	rug	VALENCIA	
VL-525 23	rug	VALENCIA	
VL-525 2610	rug	VALENCIA	
VL-525 46	rug	VALENCIA	
VL-525 57	rug	VALENCIA	
VL-525 69	rug	VALENCIA	
VL-525 810	rug	VALENCIA	
VL-525 912	rug	VALENCIA	
VL-526 1014	rug	VALENCIA	
VL-526 23	rug	VALENCIA	
VL-526 2610	rug	VALENCIA	
VL-526 46	rug	VALENCIA	
VL-526 57	rug	VALENCIA	
VL-526 69	rug	VALENCIA	
VL-526 810	rug	VALENCIA	
VL-526 912	rug	VALENCIA	
VL-527 1014	rug	VALENCIA	
VL-527 23	rug	VALENCIA	
VL-527 2610	rug	VALENCIA	
VL-527 46	rug	VALENCIA	
VL-527 69	rug	VALENCIA	
VL-527 810	rug	VALENCIA	
VL-527 912	rug	VALENCIA	
VR-545 23	rug	VERONA	
VR-545 2610	rug	VERONA	
VR-545 35	rug	VERONA	
VR-545 69	rug	VERONA	
VR-545 810	rug	VERONA	
VR-546 23	rug	VERONA	
VR-546 2610	rug	VERONA	
VR-546 35	rug	VERONA	
VR-546 46	rug	VERONA	
VR-546 69	rug	VERONA	
VR-546 810	rug	VERONA	
VR-546 912	rug	VERONA	
VR-547 23	rug	VERONA	
VR-547 2610	rug	VERONA	
VR-547 35	rug	VERONA	
VR-547 46	rug	VERONA	
VR-547 69	rug	VERONA	
VR-547 810	rug	VERONA	
VR-548 1014	rug	VERONA	
VR-548 23	rug	VERONA	
VR-548 2610	rug	VERONA	
VR-548 35	rug	VERONA	
VR-548 46	rug	VERONA	
VR-548 69	rug	VERONA	
VR-548 810	rug	VERONA	
VR-548 912	rug	VERONA	
VR-549 1014	rug	VERONA	
VR-549 23	rug	VERONA	
VR-549 2610	rug	VERONA	
VR-549 35	rug	VERONA	
VR-549 46	rug	VERONA	
VR-549 69	rug	VERONA	
VR-549 810	rug	VERONA	
VR-549 912	rug	VERONA	
VT-310 23	rug	VISTA	
VT-310 268	rug	VISTA	
VT-310 46	rug	VISTA	
VT-311 23	rug	VISTA	
VT-311 46	rug	VISTA	
VT-311 58	rug	VISTA	
VT-312 23	rug	VISTA	
VT-313 23	rug	VISTA	
VT-314 811	rug	VISTA	
VT-316 23	rug	VISTA	
VT-316 268	rug	VISTA	
VT-316 46	rug	VISTA	
VT-316 811	rug	VISTA	
VT-317 268	rug	VISTA	
VT-320 23	rug	VISTA	
VT-321 268	rug	VISTA	
VT-321 46	rug	VISTA	
VT-321 811	rug	VISTA	