"ID","Handle","Command","Title","Sort Order","Published","Must Match","Rule: Product Column","Rule: Relation","Rule: Condition","Product: ID","Product: Handle","Product: Position"
"160243318874","standard-sofas","UPDATE","Standard Sofas","Manual","true","all conditions","Type","Contains","sofa","11602372947","terrence-power-sofa","1"
"160243318874","standard-sofas","UPDATE","Standard Sofas","Manual","true","","Type","Not Contains","chai","6265203591","wilton-sofa","2"
"160243318874","standard-sofas","UPDATE","Standard Sofas","Manual","true","","Type","Not Contains","bed","4477486104666","muffy-sofa-m0133s015s","3"
"160243318874","standard-sofas","UPDATE","Standard Sofas","Manual","true","","Type","Not Contains","sleep","4477484236890","milly-sofa-m0133s015s","4"
"160243318874","standard-sofas","UPDATE","Standard Sofas","Manual","true","","Type","Not Contains","table","4420369055834","rosie-sofa","5"
"160243318874","standard-sofas","UPDATE","Standard Sofas","Manual","true","","Title","Not Contains","power","1479092011098","mazda-sofa","6"
"160243318874","standard-sofas","UPDATE","Standard Sofas","Manual","true","","Title","Not Contains","reclin","1364005224538","olds-sofa","7"
"160243318874","standard-sofas","UPDATE","Standard Sofas","Manual","true","","Title","Not Contains","motion","769311932530","randall-sofa","8"
"160243318874","standard-sofas","UPDATE","Standard Sofas","Manual","true","","","","","63092228115","piero-sofa","9"
"160243318874","standard-sofas","UPDATE","Standard Sofas","Manual","true","","","","","11602472723","opus-sofa-1","10"
"160243318874","standard-sofas","UPDATE","Standard Sofas","Manual","true","","","","","8465795975","marino-sofa","11"
"160243318874","standard-sofas","UPDATE","Standard Sofas","Manual","true","","","","","769312096370","lonnie-sofa","12"
"160243318874","standard-sofas","UPDATE","Standard Sofas","Manual","true","","","","","228242128915","jackie-sofa","13"
"160243318874","standard-sofas","UPDATE","Standard Sofas","Manual","true","","","","","5827032071","dawson-sofa-sleeper","14"
"160243318874","standard-sofas","UPDATE","Standard Sofas","Manual","true","","","","","4369847844954","cj-sofa","15"
"160243318874","standard-sofas","UPDATE","Standard Sofas","Manual","true","","","","","4369798135898","ari-sofa","16"
"160243318874","standard-sofas","UPDATE","Standard Sofas","Manual","true","","","","","4299070734426","chev-blue-sofa","17"
"160243318874","standard-sofas","UPDATE","Standard Sofas","Manual","true","","","","","1944556437594","bebe-sofa","18"
"160243318874","standard-sofas","UPDATE","Standard Sofas","Manual","true","","","","","1898476929114","connie-sofa-1","19"
"160243318874","standard-sofas","UPDATE","Standard Sofas","Manual","true","","","","","1683177373786","branson-reclining-sleeper-sofa","20"
"160243318874","standard-sofas","UPDATE","Standard Sofas","Manual","true","","","","","1480598945882","bailey-sofa","21"
"160243318874","standard-sofas","UPDATE","Standard Sofas","Manual","true","","","","","1364002898010","chevy-sofa","22"
"160243318874","standard-sofas","UPDATE","Standard Sofas","Manual","true","","","","","769311768690","clancy-sofa","23"
"160243318874","standard-sofas","UPDATE","Standard Sofas","Manual","true","","","","","10814136019","bucco-sofa","24"
"160243318874","standard-sofas","UPDATE","Standard Sofas","Manual","true","","","","","4463803629658","enderlin-ink-sofa-1780138","25"
"160243318874","standard-sofas","UPDATE","Standard Sofas","Manual","true","","","","","5826519431","axiom-sofa","26"
"160243318874","standard-sofas","UPDATE","Standard Sofas","Manual","true","","","","","5826710279","carlotta-sofa","27"
"160243318874","standard-sofas","UPDATE","Standard Sofas","Manual","true","","","","","5826715271","bachman-sofa","28"
"160243318874","standard-sofas","UPDATE","Standard Sofas","Manual","true","","","","","5826718855","alexis-sofa","29"
"160243318874","standard-sofas","UPDATE","Standard Sofas","Manual","true","","","","","5826721735","cairns-sofa","30"
"160243318874","standard-sofas","UPDATE","Standard Sofas","Manual","true","","","","","5826745287","caldwell-sofa","31"
"160243318874","standard-sofas","UPDATE","Standard Sofas","Manual","true","","","","","5826754439","bentley-sofa","32"
"160243318874","standard-sofas","UPDATE","Standard Sofas","Manual","true","","","","","5826758023","colton-sofa","33"
"160243318874","standard-sofas","UPDATE","Standard Sofas","Manual","true","","","","","5826790727","cruze-sofa-sleeper","34"
"160243318874","standard-sofas","UPDATE","Standard Sofas","Manual","true","","","","","5831069767","berger-sofa","35"
"160243318874","standard-sofas","UPDATE","Standard Sofas","Manual","true","","","","","5847352519","chatham-slipcover-sofa-sleeper","36"
"160243318874","standard-sofas","UPDATE","Standard Sofas","Manual","true","","","","","6455406087","breville-sofa","37"
"160243318874","standard-sofas","UPDATE","Standard Sofas","Manual","true","","","","","7809001095","chauncy-sofa","38"
"160243318874","standard-sofas","UPDATE","Standard Sofas","Manual","true","","","","","8437278087","collin-sofa","39"
"160243318874","standard-sofas","UPDATE","Standard Sofas","Manual","true","","","","","8439258951","avery-sofa","40"
"160243318874","standard-sofas","UPDATE","Standard Sofas","Manual","true","","","","","9513903303","adara-sofa","41"
"160243318874","standard-sofas","UPDATE","Standard Sofas","Manual","true","","","","","9845102663","carol-ann-sofa","42"
"160243318874","standard-sofas","UPDATE","Standard Sofas","Manual","true","","","","","10039921031","boyd-sofa","43"
"160243318874","standard-sofas","UPDATE","Standard Sofas","Manual","true","","","","","11390831763","adara-sofa-72","44"
"160243318874","standard-sofas","UPDATE","Standard Sofas","Manual","true","","","","","11450614227","brady-sofa","45"
"160243318874","standard-sofas","UPDATE","Standard Sofas","Manual","true","","","","","12575813843","allouette-sofa","46"
"160243318874","standard-sofas","UPDATE","Standard Sofas","Manual","true","","","","","12575849299","accrington-sofa","47"
"160243318874","standard-sofas","UPDATE","Standard Sofas","Manual","true","","","","","53446901779","alenya-sofa","48"
"160243318874","standard-sofas","UPDATE","Standard Sofas","Manual","true","","","","","195622993939","bavello-sofa-1","49"
"160243318874","standard-sofas","UPDATE","Standard Sofas","Manual","true","","","","","195623813139","calicho-queen-sofa-sleeper","50"
"160243318874","standard-sofas","UPDATE","Standard Sofas","Manual","true","","","","","195623911443","calicho-sofa","51"
"160243318874","standard-sofas","UPDATE","Standard Sofas","Manual","true","","","","","195625549843","alsen-sofa","52"
"160243318874","standard-sofas","UPDATE","Standard Sofas","Manual","true","","","","","195632398355","charenton-queen-sofa-sleeper","53"
"160243318874","standard-sofas","UPDATE","Standard Sofas","Manual","true","","","","","195639246867","carole-sofa","54"
"160243318874","standard-sofas","UPDATE","Standard Sofas","Manual","true","","","","","195647176723","ada-sofa","55"
"160243318874","standard-sofas","UPDATE","Standard Sofas","Manual","true","","","","","195647340563","cecil-sofa","56"
"160243318874","standard-sofas","UPDATE","Standard Sofas","Manual","true","","","","","195647438867","chloe-sofa","57"
"160243318874","standard-sofas","UPDATE","Standard Sofas","Manual","true","","","","","195647569939","calvin-sofa","58"
"160243318874","standard-sofas","UPDATE","Standard Sofas","Manual","true","","","","","195647864851","brendan-sofa","59"
"160243318874","standard-sofas","UPDATE","Standard Sofas","Manual","true","","","","","195648192531","chase-sofa-bed","60"
"160243318874","standard-sofas","UPDATE","Standard Sofas","Manual","true","","","","","195648290835","brent-sofa","61"
"160243318874","standard-sofas","UPDATE","Standard Sofas","Manual","true","","","","","195648880659","alex-sofa","62"
"160243318874","standard-sofas","UPDATE","Standard Sofas","Manual","true","","","","","195649110035","anthony-sofa","63"
"160243318874","standard-sofas","UPDATE","Standard Sofas","Manual","true","","","","","195649568787","abraham-sofa","64"
"160243318874","standard-sofas","UPDATE","Standard Sofas","Manual","true","","","","","195649634323","caleb-sofa","65"
"160243318874","standard-sofas","UPDATE","Standard Sofas","Manual","true","","","","","195649896467","belinda-sofa","66"
"160243318874","standard-sofas","UPDATE","Standard Sofas","Manual","true","","","","","195650060307","bridget-sofa","67"
"160243318874","standard-sofas","UPDATE","Standard Sofas","Manual","true","","","","","195650322451","ava-sofa-bed","68"
"160243318874","standard-sofas","UPDATE","Standard Sofas","Manual","true","","","","","195650813971","benjamin-sofa-1","69"
"160243318874","standard-sofas","UPDATE","Standard Sofas","Manual","true","","","","","195651239955","aria-sofa","70"
"160243318874","standard-sofas","UPDATE","Standard Sofas","Manual","true","","","","","195651698707","charles-sofa","71"
"160243318874","standard-sofas","UPDATE","Standard Sofas","Manual","true","","","","","195653402643","arlene-sofa","72"
"160243318874","standard-sofas","UPDATE","Standard Sofas","Manual","true","","","","","195653926931","cameron-sofa","73"
"160243318874","standard-sofas","UPDATE","Standard Sofas","Manual","true","","","","","195654058003","adam-sofa","74"
"160243318874","standard-sofas","UPDATE","Standard Sofas","Manual","true","","","","","195654385683","abbey-sofa","75"
"160243318874","standard-sofas","UPDATE","Standard Sofas","Manual","true","","","","","195654746131","christian-sofa","76"
"160243318874","standard-sofas","UPDATE","Standard Sofas","Manual","true","","","","","195655041043","carla-sofa","77"
"160243318874","standard-sofas","UPDATE","Standard Sofas","Manual","true","","","","","195655303187","annie-sofa","78"
"160243318874","standard-sofas","UPDATE","Standard Sofas","Manual","true","","","","","195655401491","amelia-sofa","79"
"160243318874","standard-sofas","UPDATE","Standard Sofas","Manual","true","","","","","195655467027","aiden-sofa","80"
"160243318874","standard-sofas","UPDATE","Standard Sofas","Manual","true","","","","","195655565331","adrian-sofa","81"
"160243318874","standard-sofas","UPDATE","Standard Sofas","Manual","true","","","","","195655794707","connie-sofa","82"
"160243318874","standard-sofas","UPDATE","Standard Sofas","Manual","true","","","","","195655860243","angela-sofa-1","83"
"160243318874","standard-sofas","UPDATE","Standard Sofas","Manual","true","","","","","195655958547","barbra-sofa","84"
"160243318874","standard-sofas","UPDATE","Standard Sofas","Manual","true","","","","","195656024083","bella-sofa","85"
"160243318874","standard-sofas","UPDATE","Standard Sofas","Manual","true","","","","","195658645523","alison-sofa","86"
"160243318874","standard-sofas","UPDATE","Standard Sofas","Manual","true","","","","","195658809363","christine-sofa-bed","87"
"160243318874","standard-sofas","UPDATE","Standard Sofas","Manual","true","","","","","1296281174130","u1058-sofa","88"
"160243318874","standard-sofas","UPDATE","Standard Sofas","Manual","true","","","","","1296816668786","bladen-sofa","89"
"160243318874","standard-sofas","UPDATE","Standard Sofas","Manual","true","","","","","1312332284018","august-sofa","90"
"160243318874","standard-sofas","UPDATE","Standard Sofas","Manual","true","","","","","1312333070450","benson-sofa","91"
"160243318874","standard-sofas","UPDATE","Standard Sofas","Manual","true","","","","","1344629637210","sofa-85","92"
"160243318874","standard-sofas","UPDATE","Standard Sofas","Manual","true","","","","","1344632127578","abildgaard-sofa","93"
"160243318874","standard-sofas","UPDATE","Standard Sofas","Manual","true","","","","","1344666894426","colton","94"
"160243318874","standard-sofas","UPDATE","Standard Sofas","Manual","true","","","","","1563778842714","corvo-sofa","95"
"160243318874","standard-sofas","UPDATE","Standard Sofas","Manual","true","","","","","1569299759194","braemar-sofa","96"
"160243318874","standard-sofas","UPDATE","Standard Sofas","Manual","true","","","","","1569302052954","claremorris-sofa","97"
"160243318874","standard-sofas","UPDATE","Standard Sofas","Manual","true","","","","","1619437158490","berkeley-sofa","98"
"160243318874","standard-sofas","UPDATE","Standard Sofas","Manual","true","","","","","1625603309658","curtis-sofa","99"
"160243318874","standard-sofas","UPDATE","Standard Sofas","Manual","true","","","","","1816610242650","cardallo-sofa","100"
"160243318874","standard-sofas","UPDATE","Standard Sofas","Manual","true","","","","","1816617517146","burgus-sofa","101"
"160243318874","standard-sofas","UPDATE","Standard Sofas","Manual","true","","","","","1818423656538","bannar-sofa","102"
"160243318874","standard-sofas","UPDATE","Standard Sofas","Manual","true","","","","","1818428932186","banissa-sofa","103"
"160243318874","standard-sofas","UPDATE","Standard Sofas","Manual","true","","","","","1845038350426","betri-sofa","104"
"160243318874","standard-sofas","UPDATE","Standard Sofas","Manual","true","","","","","1867581653082","azaline-sofa","105"
"160243318874","standard-sofas","UPDATE","Standard Sofas","Manual","true","","","","","1934361821274","chaltemham-slipcover-xl-sofa","106"
"160243318874","standard-sofas","UPDATE","Standard Sofas","Manual","true","","","","","1935152185434","almanza-sofa","107"
"160243318874","standard-sofas","UPDATE","Standard Sofas","Manual","true","","","","","3959972560986","blanche-sofa","108"
"160243318874","standard-sofas","UPDATE","Standard Sofas","Manual","true","","","","","4161622736986","artemis-sofa","109"
"160243318874","standard-sofas","UPDATE","Standard Sofas","Manual","true","","","","","4167877230682","alasdair-light-brown-sofa","110"
"160243318874","standard-sofas","UPDATE","Standard Sofas","Manual","true","","","","","4167892467802","avonlea-sofa","111"
"160243318874","standard-sofas","UPDATE","Standard Sofas","Manual","true","","","","","4477463855194","alex-sofa-794150","112"
"160243318874","standard-sofas","UPDATE","Standard Sofas","Manual","true","","","","","4482198700122","cici-sofa","113"
"160243318874","standard-sofas","UPDATE","Standard Sofas","Manual","true","","","","","4502248128602","altari-sofa","114"
"160243318874","standard-sofas","UPDATE","Standard Sofas","Manual","true","","","","","4514481635418","brindon-sofa","115"
"160243318874","standard-sofas","UPDATE","Standard Sofas","Manual","true","","","","","5826513607","fresco-sofa","116"
"160243318874","standard-sofas","UPDATE","Standard Sofas","Manual","true","","","","","5826518279","lanett-sofa","117"
"160243318874","standard-sofas","UPDATE","Standard Sofas","Manual","true","","","","","5826518791","deanna-sofa","118"
"160243318874","standard-sofas","UPDATE","Standard Sofas","Manual","true","","","","","5826563783","haley-sofa","119"
"160243318874","standard-sofas","UPDATE","Standard Sofas","Manual","true","","","","","5826711623","ellwood-sofa","120"
"160243318874","standard-sofas","UPDATE","Standard Sofas","Manual","true","","","","","5826731527","emerson-sofa","121"
"160243318874","standard-sofas","UPDATE","Standard Sofas","Manual","true","","","","","5826736967","kelvington-sofa","122"
"160243318874","standard-sofas","UPDATE","Standard Sofas","Manual","true","","","","","5826785735","linda-sofa","123"
"160243318874","standard-sofas","UPDATE","Standard Sofas","Manual","true","","","","","5826788679","gillis-sofa-sleeper","124"
"160243318874","standard-sofas","UPDATE","Standard Sofas","Manual","true","","","","","5826793671","duchess-sofa","125"
"160243318874","standard-sofas","UPDATE","Standard Sofas","Manual","true","","","","","5826861319","elin-sofa","126"
"160243318874","standard-sofas","UPDATE","Standard Sofas","Manual","true","","","","","5827083015","levon-sofa-sleeper","127"
"160243318874","standard-sofas","UPDATE","Standard Sofas","Manual","true","","","","","5831178631","lian-futon","128"
"160243318874","standard-sofas","UPDATE","Standard Sofas","Manual","true","","","","","5831198855","ellery-sofa","129"
"160243318874","standard-sofas","UPDATE","Standard Sofas","Manual","true","","","","","5831243463","emma-sofa","130"
"160243318874","standard-sofas","UPDATE","Standard Sofas","Manual","true","","","","","5831348551","larkinhurst-sofa-sleeper","131"
"160243318874","standard-sofas","UPDATE","Standard Sofas","Manual","true","","","","","5831350023","jaclyn-sofa-sleeper","132"
"160243318874","standard-sofas","UPDATE","Standard Sofas","Manual","true","","","","","5831350663","gracyn-sofa-sleeper","133"
"160243318874","standard-sofas","UPDATE","Standard Sofas","Manual","true","","","","","5831352711","darcy-sofa","134"
"160243318874","standard-sofas","UPDATE","Standard Sofas","Manual","true","","","","","5924068999","gardner-everyday-sleeper-sofa","135"
"160243318874","standard-sofas","UPDATE","Standard Sofas","Manual","true","","","","","6685829511","doug-sofa","136"
"160243318874","standard-sofas","UPDATE","Standard Sofas","Manual","true","","","","","8246981511","hawn-sofa","137"
"160243318874","standard-sofas","UPDATE","Standard Sofas","Manual","true","","","","","9979078983","dahra-sofa","138"
"160243318874","standard-sofas","UPDATE","Standard Sofas","Manual","true","","","","","10025647815","daisy-sofa","139"
"160243318874","standard-sofas","UPDATE","Standard Sofas","Manual","true","","","","","10109200071","flanigan-sofa","140"
"160243318874","standard-sofas","UPDATE","Standard Sofas","Manual","true","","","","","10123543187","gale-sofa","141"
"160243318874","standard-sofas","UPDATE","Standard Sofas","Manual","true","","","","","11161686099","destin-everyday-sleeper-sofa","142"
"160243318874","standard-sofas","UPDATE","Standard Sofas","Manual","true","","","","","11793552275","copy-of-gardner-everyday-leather-sleeper-sofa","143"
"160243318874","standard-sofas","UPDATE","Standard Sofas","Manual","true","","","","","11793554963","destin-everyday-sleeper-sofa-1","144"
"160243318874","standard-sofas","UPDATE","Standard Sofas","Manual","true","","","","","12457288083","gary-sofa","145"
"160243318874","standard-sofas","UPDATE","Standard Sofas","Manual","true","","","","","27622801427","hemet-sofa","146"
"160243318874","standard-sofas","UPDATE","Standard Sofas","Manual","true","","","","","173518848019","frank-sofa","147"
"160243318874","standard-sofas","UPDATE","Standard Sofas","Manual","true","","","","","195629875219","emelen-sofa","148"
"160243318874","standard-sofas","UPDATE","Standard Sofas","Manual","true","","","","","195637903379","logan-settee","149"
"160243318874","standard-sofas","UPDATE","Standard Sofas","Manual","true","","","","","195639312403","deborah-sofa","150"
"160243318874","standard-sofas","UPDATE","Standard Sofas","Manual","true","","","","","195639410707","frances-sofa","151"
"160243318874","standard-sofas","UPDATE","Standard Sofas","Manual","true","","","","","195647143955","hattie-sofa-bed","152"
"160243318874","standard-sofas","UPDATE","Standard Sofas","Manual","true","","","","","195647668243","kayla-sofa","153"
"160243318874","standard-sofas","UPDATE","Standard Sofas","Manual","true","","","","","195648126995","dale-sofa","154"
"160243318874","standard-sofas","UPDATE","Standard Sofas","Manual","true","","","","","195648389139","helen-sofa-bed","155"
"160243318874","standard-sofas","UPDATE","Standard Sofas","Manual","true","","","","","195648520211","edna-sofa","156"
"160243318874","standard-sofas","UPDATE","Standard Sofas","Manual","true","","","","","195648618515","elias-sofa","157"
"160243318874","standard-sofas","UPDATE","Standard Sofas","Manual","true","","","","","195649404947","damian-sofa","158"
"160243318874","standard-sofas","UPDATE","Standard Sofas","Manual","true","","","","","195649503251","kate-sofa","159"
"160243318874","standard-sofas","UPDATE","Standard Sofas","Manual","true","","","","","195650486291","leo-sofa","160"
"160243318874","standard-sofas","UPDATE","Standard Sofas","Manual","true","","","","","195652354067","lilian-sofa","161"
"160243318874","standard-sofas","UPDATE","Standard Sofas","Manual","true","","","","","195656351763","herman-sofa","162"
"160243318874","standard-sofas","UPDATE","Standard Sofas","Manual","true","","","","","195656613907","joseph-sofa","163"
"160243318874","standard-sofas","UPDATE","Standard Sofas","Manual","true","","","","","195657498643","douglas-sofa","164"
"160243318874","standard-sofas","UPDATE","Standard Sofas","Manual","true","","","","","195658448915","earnest-sofa","165"
"160243318874","standard-sofas","UPDATE","Standard Sofas","Manual","true","","","","","195659333651","earl-sofa","166"
"160243318874","standard-sofas","UPDATE","Standard Sofas","Manual","true","","","","","213193293843","larkinhurst-queen-sofa-sleeper","167"
"160243318874","standard-sofas","UPDATE","Standard Sofas","Manual","true","","","","","1296281862258","u9908-sofa","168"
"160243318874","standard-sofas","UPDATE","Standard Sofas","Manual","true","","","","","1296282386546","u9103-sofa","169"
"160243318874","standard-sofas","UPDATE","Standard Sofas","Manual","true","","","","","1296282517618","u9102-sofa","170"
"160243318874","standard-sofas","UPDATE","Standard Sofas","Manual","true","","","","","1296282943602","u8351-sofa","171"
"160243318874","standard-sofas","UPDATE","Standard Sofas","Manual","true","","","","","1296284221554","u8141-sofa","172"
"160243318874","standard-sofas","UPDATE","Standard Sofas","Manual","true","","","","","1296285171826","u3250-sofa","173"
"160243318874","standard-sofas","UPDATE","Standard Sofas","Manual","true","","","","","1312330940530","ellis-sofa","174"
"160243318874","standard-sofas","UPDATE","Standard Sofas","Manual","true","","","","","1312331038834","gus-sofa","175"
"160243318874","standard-sofas","UPDATE","Standard Sofas","Manual","true","","","","","1312331202674","lerner-sofa","176"
"160243318874","standard-sofas","UPDATE","Standard Sofas","Manual","true","","","","","1312331268210","fairfax-sofa","177"
"160243318874","standard-sofas","UPDATE","Standard Sofas","Manual","true","","","","","1312332939378","cyrus-sofa","178"
"160243318874","standard-sofas","UPDATE","Standard Sofas","Manual","true","","","","","1485306167386","fiat-sofa","179"
"160243318874","standard-sofas","UPDATE","Standard Sofas","Manual","true","","","","","1496034967642","gavril-sofa","180"
"160243318874","standard-sofas","UPDATE","Standard Sofas","Manual","true","","","","","1562855342170","harley-sofa","181"
"160243318874","standard-sofas","UPDATE","Standard Sofas","Manual","true","","","","","1567451611226","dorsten-sofa","182"
"160243318874","standard-sofas","UPDATE","Standard Sofas","Manual","true","","","","","1569299365978","daylon-queen-sofa-sleeper","183"
"160243318874","standard-sofas","UPDATE","Standard Sofas","Manual","true","","","","","1569299398746","daylon-sofa","184"
"160243318874","standard-sofas","UPDATE","Standard Sofas","Manual","true","","","","","1569301332058","fehmarn-sofa","185"
"160243318874","standard-sofas","UPDATE","Standard Sofas","Manual","true","","","","","1619436142682","joy-sofa","186"
"160243318874","standard-sofas","UPDATE","Standard Sofas","Manual","true","","","","","1620965654618","kelby-sofa","187"
"160243318874","standard-sofas","UPDATE","Standard Sofas","Manual","true","","","","","1625843957850","gillroy-sofa","188"
"160243318874","standard-sofas","UPDATE","Standard Sofas","Manual","true","","","","","1651142787162","kiawah-sofa","189"
"160243318874","standard-sofas","UPDATE","Standard Sofas","Manual","true","","","","","1670954713178","elden-sofa","190"
"160243318874","standard-sofas","UPDATE","Standard Sofas","Manual","true","","","","","1686399811674","kogel-sofa","191"
"160243318874","standard-sofas","UPDATE","Standard Sofas","Manual","true","","","","","1686406561882","kogel-sofa-bed","192"
"160243318874","standard-sofas","UPDATE","Standard Sofas","Manual","true","","","","","1818426703962","filane-sofa","193"
"160243318874","standard-sofas","UPDATE","Standard Sofas","Manual","true","","","","","1844991230042","darwood-sofa","194"
"160243318874","standard-sofas","UPDATE","Standard Sofas","Manual","true","","","","","1845060534362","graga-sofa","195"
"160243318874","standard-sofas","UPDATE","Standard Sofas","Manual","true","","","","","1867499896922","kennewick-sofa","196"
"160243318874","standard-sofas","UPDATE","Standard Sofas","Manual","true","","","","","1867511890010","filo-sofa","197"
"160243318874","standard-sofas","UPDATE","Standard Sofas","Manual","true","","","","","1867516969050","dorstan-sofa","198"
"160243318874","standard-sofas","UPDATE","Standard Sofas","Manual","true","","","","","1935125053530","kananwood-sofa","199"
"160243318874","standard-sofas","UPDATE","Standard Sofas","Manual","true","","","","","1935142944858","kilarney-sofa","200"
"160243318874","standard-sofas","UPDATE","Standard Sofas","Manual","true","","","","","1935170764890","larkinhurst-sofa-2","201"
"160243318874","standard-sofas","UPDATE","Standard Sofas","Manual","true","","","","","1935753871450","lawthorn-sofa","202"
"160243318874","standard-sofas","UPDATE","Standard Sofas","Manual","true","","","","","4161522925658","graceville-sofa","203"
"160243318874","standard-sofas","UPDATE","Standard Sofas","Manual","true","","","","","4161591738458","frostine-sofa","204"
"160243318874","standard-sofas","UPDATE","Standard Sofas","Manual","true","","","","","4167882801242","josephine-sofa","205"
"160243318874","standard-sofas","UPDATE","Standard Sofas","Manual","true","","","","","4369901584474","kiessel-sofa","206"
"160243318874","standard-sofas","UPDATE","Standard Sofas","Manual","true","","","","","4420352344154","liv-sofa","207"
"160243318874","standard-sofas","UPDATE","Standard Sofas","Manual","true","","","","","4462543372378","jj-sofa","208"
"160243318874","standard-sofas","UPDATE","Standard Sofas","Manual","true","","","","","4463871328346","einsgrove-sandstone-sofa-3230238","209"
"160243318874","standard-sofas","UPDATE","Standard Sofas","Manual","true","","","","","4501984018522","filone-sofa","210"
"160243318874","standard-sofas","UPDATE","Standard Sofas","Manual","true","","","","","4524169101402","lillington-sofa","211"
"160243318874","standard-sofas","UPDATE","Standard Sofas","Manual","true","","","","","5826710471","sebastian-sofa","212"
"160243318874","standard-sofas","UPDATE","Standard Sofas","Manual","true","","","","","5826712711","millie-sofa","213"
"160243318874","standard-sofas","UPDATE","Standard Sofas","Manual","true","","","","","5826714375","roy-leather-sofa","214"
"160243318874","standard-sofas","UPDATE","Standard Sofas","Manual","true","","","","","5826746183","pratten-sofa","215"
"160243318874","standard-sofas","UPDATE","Standard Sofas","Manual","true","","","","","5826865991","sara-sofa","216"
"160243318874","standard-sofas","UPDATE","Standard Sofas","Manual","true","","","","","5827081159","montgomery-sofa-sleeper","217"
"160243318874","standard-sofas","UPDATE","Standard Sofas","Manual","true","","","","","5831178119","roy-sofa","218"
"160243318874","standard-sofas","UPDATE","Standard Sofas","Manual","true","","","","","5831180615","moritz-sofa","219"
"160243318874","standard-sofas","UPDATE","Standard Sofas","Manual","true","","","","","5831181191","mattis-sofa","220"
"160243318874","standard-sofas","UPDATE","Standard Sofas","Manual","true","","","","","5831197191","natalia-sofa","221"
"160243318874","standard-sofas","UPDATE","Standard Sofas","Manual","true","","","","","5831197831","norah-sofa","222"
"160243318874","standard-sofas","UPDATE","Standard Sofas","Manual","true","","","","","5831200071","monika-sofa","223"
"160243318874","standard-sofas","UPDATE","Standard Sofas","Manual","true","","","","","5831202759","samuel-sleeper","224"
"160243318874","standard-sofas","UPDATE","Standard Sofas","Manual","true","","","","","5831204935","samuel-sofa","225"
"160243318874","standard-sofas","UPDATE","Standard Sofas","Manual","true","","","","","5831208263","montbrook-sofa","226"
"160243318874","standard-sofas","UPDATE","Standard Sofas","Manual","true","","","","","5831346631","milari-sofa","227"
"160243318874","standard-sofas","UPDATE","Standard Sofas","Manual","true","","","","","5848286663","monica-sofa-sleeper","228"
"160243318874","standard-sofas","UPDATE","Standard Sofas","Manual","true","","","","","5852382343","melissa-sofa-sleeper","229"
"160243318874","standard-sofas","UPDATE","Standard Sofas","Manual","true","","","","","7025906183","sally-sofa","230"
"160243318874","standard-sofas","UPDATE","Standard Sofas","Manual","true","","","","","9829240455","shirly-sofa","231"
"160243318874","standard-sofas","UPDATE","Standard Sofas","Manual","true","","","","","12414747923","mandee-sofa-1","232"
"160243318874","standard-sofas","UPDATE","Standard Sofas","Manual","true","","","","","12590138451","scout-sofa-bed-aqua","233"
"160243318874","standard-sofas","UPDATE","Standard Sofas","Manual","true","","","","","27611758611","scott-sofa","234"
"160243318874","standard-sofas","UPDATE","Standard Sofas","Manual","true","","","","","195635019795","louie-setee","235"
"160243318874","standard-sofas","UPDATE","Standard Sofas","Manual","true","","","","","195638951955","lorraine-settee","236"
"160243318874","standard-sofas","UPDATE","Standard Sofas","Manual","true","","","","","195639607315","shannon-sofa","237"
"160243318874","standard-sofas","UPDATE","Standard Sofas","Manual","true","","","","","195639672851","louie-sofa","238"
"160243318874","standard-sofas","UPDATE","Standard Sofas","Manual","true","","","","","195640066067","luke-sofas","239"
"160243318874","standard-sofas","UPDATE","Standard Sofas","Manual","true","","","","","195640229907","ross-sofa","240"
"160243318874","standard-sofas","UPDATE","Standard Sofas","Manual","true","","","","","195640360979","ryan-sofa","241"
"160243318874","standard-sofas","UPDATE","Standard Sofas","Manual","true","","","","","195640426515","patrick-sofa","242"
"160243318874","standard-sofas","UPDATE","Standard Sofas","Manual","true","","","","","195640492051","luke-settee","243"
"160243318874","standard-sofas","UPDATE","Standard Sofas","Manual","true","","","","","195642294291","lydia-settee","244"
"160243318874","standard-sofas","UPDATE","Standard Sofas","Manual","true","","","","","195645833235","lucy-settee","245"
"160243318874","standard-sofas","UPDATE","Standard Sofas","Manual","true","","","","","195647078419","lydia-sofa","246"
"160243318874","standard-sofas","UPDATE","Standard Sofas","Manual","true","","","","","195648716819","percy-sofa","247"
"160243318874","standard-sofas","UPDATE","Standard Sofas","Manual","true","","","","","195648782355","shawn-sofa-bed","248"
"160243318874","standard-sofas","UPDATE","Standard Sofas","Manual","true","","","","","195649011731","luna-sofa-bed","249"
"160243318874","standard-sofas","UPDATE","Standard Sofas","Manual","true","","","","","195649798163","seth-sofa","250"
"160243318874","standard-sofas","UPDATE","Standard Sofas","Manual","true","","","","","195649994771","shelly-sofa","251"
"160243318874","standard-sofas","UPDATE","Standard Sofas","Manual","true","","","","","195650158611","skylar-sofa","252"
"160243318874","standard-sofas","UPDATE","Standard Sofas","Manual","true","","","","","195651076115","ron-sofa","253"
"160243318874","standard-sofas","UPDATE","Standard Sofas","Manual","true","","","","","195652124691","savannah-sofa","254"
"160243318874","standard-sofas","UPDATE","Standard Sofas","Manual","true","","","","","195652976659","samantha-sofa","255"
"160243318874","standard-sofas","UPDATE","Standard Sofas","Manual","true","","","","","195653795859","shane-sofa","256"
"160243318874","standard-sofas","UPDATE","Standard Sofas","Manual","true","","","","","195655139347","sandy-sofa","257"
"160243318874","standard-sofas","UPDATE","Standard Sofas","Manual","true","","","","","195655630867","ruth-sofa-bed","258"
"160243318874","standard-sofas","UPDATE","Standard Sofas","Manual","true","","","","","195656056851","semoi-sofa","259"
"160243318874","standard-sofas","UPDATE","Standard Sofas","Manual","true","","","","","195656450067","oliver-sofa","260"
"160243318874","standard-sofas","UPDATE","Standard Sofas","Manual","true","","","","","195675881491","luna-settee","261"
"160243318874","standard-sofas","UPDATE","Standard Sofas","Manual","true","","","","","213190508563","sofa-bed-9","262"
"160243318874","standard-sofas","UPDATE","Standard Sofas","Manual","true","","","","","213194473491","milari-queen-sofa-sleeper","263"
"160243318874","standard-sofas","UPDATE","Standard Sofas","Manual","true","","","","","1296284909682","u559-sofa","264"
"160243318874","standard-sofas","UPDATE","Standard Sofas","Manual","true","","","","","1304572199026","mellie-sofa","265"
"160243318874","standard-sofas","UPDATE","Standard Sofas","Manual","true","","","","","1342911938650","sasten-sofa","266"
"160243318874","standard-sofas","UPDATE","Standard Sofas","Manual","true","","","","","1344634650714","sofa-78","267"
"160243318874","standard-sofas","UPDATE","Standard Sofas","Manual","true","","","","","1344635699290","sofa-75","268"
"160243318874","standard-sofas","UPDATE","Standard Sofas","Manual","true","","","","","1344635830362","sofa-74","269"
"160243318874","standard-sofas","UPDATE","Standard Sofas","Manual","true","","","","","1344636715098","sofa-70","270"
"160243318874","standard-sofas","UPDATE","Standard Sofas","Manual","true","","","","","1344639795290","sofa-63","271"
"160243318874","standard-sofas","UPDATE","Standard Sofas","Manual","true","","","","","1344640155738","sofa-62","272"
"160243318874","standard-sofas","UPDATE","Standard Sofas","Manual","true","","","","","1344644546650","sofa-60","273"
"160243318874","standard-sofas","UPDATE","Standard Sofas","Manual","true","","","","","1344645038170","sofa-57","274"
"160243318874","standard-sofas","UPDATE","Standard Sofas","Manual","true","","","","","1344665878618","sofa-12","275"
"160243318874","standard-sofas","UPDATE","Standard Sofas","Manual","true","","","","","1566739791962","olsberg-sofa","276"
"160243318874","standard-sofas","UPDATE","Standard Sofas","Manual","true","","","","","1566743593050","olsberg-living-room-set","277"
"160243318874","standard-sofas","UPDATE","Standard Sofas","Manual","true","","","","","1566745985114","ryler-sofa","278"
"160243318874","standard-sofas","UPDATE","Standard Sofas","Manual","true","","","","","1569301168218","melilla-sofa","279"
"160243318874","standard-sofas","UPDATE","Standard Sofas","Manual","true","","","","","1569301823578","marciana-sofa","280"
"160243318874","standard-sofas","UPDATE","Standard Sofas","Manual","true","","","","","1615372877914","rina-sofa","281"
"160243318874","standard-sofas","UPDATE","Standard Sofas","Manual","true","","","","","1620858994778","sammy-sofa","282"
"160243318874","standard-sofas","UPDATE","Standard Sofas","Manual","true","","","","","1620921090138","nancy-sofa","283"
"160243318874","standard-sofas","UPDATE","Standard Sofas","Manual","true","","","","","1620922794074","nancy-loveseat","284"
"160243318874","standard-sofas","UPDATE","Standard Sofas","Manual","true","","","","","1676910854234","mickey-sofa","285"
"160243318874","standard-sofas","UPDATE","Standard Sofas","Manual","true","","","","","1806600470618","malacara-sofa","286"
"160243318874","standard-sofas","UPDATE","Standard Sofas","Manual","true","","","","","1806602895450","malacara-loveseat","287"
"160243318874","standard-sofas","UPDATE","Standard Sofas","Manual","true","","","","","1806618067034","novato-sofa","288"
"160243318874","standard-sofas","UPDATE","Standard Sofas","Manual","true","","","","","1816656871514","maggatt-sofa","289"
"160243318874","standard-sofas","UPDATE","Standard Sofas","Manual","true","","","","","1816657363034","maggatt-queen-sofa-sleeper","290"
"160243318874","standard-sofas","UPDATE","Standard Sofas","Manual","true","","","","","1818417758298","nessa-sofa","291"
"160243318874","standard-sofas","UPDATE","Standard Sofas","Manual","true","","","","","1818430570586","namoli-sofa","292"
"160243318874","standard-sofas","UPDATE","Standard Sofas","Manual","true","","","","","1844889944154","sissko-sofa","293"
"160243318874","standard-sofas","UPDATE","Standard Sofas","Manual","true","","","","","1845022294106","roleson-sofa","294"
"160243318874","standard-sofas","UPDATE","Standard Sofas","Manual","true","","","","","1867522048090","milingar-sofa","295"
"160243318874","standard-sofas","UPDATE","Standard Sofas","Manual","true","","","","","1867527061594","paris-sofa","296"
"160243318874","standard-sofas","UPDATE","Standard Sofas","Manual","true","","","","","1867575066714","narzole-sofa","297"
"160243318874","standard-sofas","UPDATE","Standard Sofas","Manual","true","","","","","1935775236186","morelos-sofa","298"
"160243318874","standard-sofas","UPDATE","Standard Sofas","Manual","true","","","","","4161479573594","princeton-sofa-1","299"
"160243318874","standard-sofas","UPDATE","Standard Sofas","Manual","true","","","","","4482264629338","smith-sofa","300"
"160243318874","standard-sofas","UPDATE","Standard Sofas","Manual","true","","","","","4492116361306","reardon-sofa","301"
"160243318874","standard-sofas","UPDATE","Standard Sofas","Manual","true","","","","","4492129304666","richburg-sofa","302"
"160243318874","standard-sofas","UPDATE","Standard Sofas","Manual","true","","","","","5826747207","trivellato-sofa","303"
"160243318874","standard-sofas","UPDATE","Standard Sofas","Manual","true","","","","","5826768327","victoria-sofa","304"
"160243318874","standard-sofas","UPDATE","Standard Sofas","Manual","true","","","","","5831188679","stansall-sofa","305"
"160243318874","standard-sofas","UPDATE","Standard Sofas","Manual","true","","","","","9419507975","tia-sofa","306"
"160243318874","standard-sofas","UPDATE","Standard Sofas","Manual","true","","","","","9458911047","tibbee-sofa","307"
"160243318874","standard-sofas","UPDATE","Standard Sofas","Manual","true","","","","","9828044999","starboard-sofa","308"
"160243318874","standard-sofas","UPDATE","Standard Sofas","Manual","true","","","","","10327850259","tilly-sofa","309"
"160243318874","standard-sofas","UPDATE","Standard Sofas","Manual","true","","","","","10327860243","tilly-sofa-bed","310"
"160243318874","standard-sofas","UPDATE","Standard Sofas","Manual","true","","","","","11158769363","wixon-sofa","311"
"160243318874","standard-sofas","UPDATE","Standard Sofas","Manual","true","","","","","11811813779","wesport-sofa","312"
"160243318874","standard-sofas","UPDATE","Standard Sofas","Manual","true","","","","","12575848083","tiarella-sofa","313"
"160243318874","standard-sofas","UPDATE","Standard Sofas","Manual","true","","","","","195623223315","zorah-sofa","314"
"160243318874","standard-sofas","UPDATE","Standard Sofas","Manual","true","","","","","195639509011","tiffany-sofa-1","315"
"160243318874","standard-sofas","UPDATE","Standard Sofas","Manual","true","","","","","195639771155","wyatt-sofa","316"
"160243318874","standard-sofas","UPDATE","Standard Sofas","Manual","true","","","","","195639869459","tracey-sofa-1","317"
"160243318874","standard-sofas","UPDATE","Standard Sofas","Manual","true","","","","","195639934995","tyler-sofa-1","318"
"160243318874","standard-sofas","UPDATE","Standard Sofas","Manual","true","","","","","195639967763","will-sofa","319"
"160243318874","standard-sofas","UPDATE","Standard Sofas","Manual","true","","","","","195640131603","xavier-sofa","320"
"160243318874","standard-sofas","UPDATE","Standard Sofas","Manual","true","","","","","195646914579","timothy-sofa","321"
"160243318874","standard-sofas","UPDATE","Standard Sofas","Manual","true","","","","","195648421907","tamara-sofa","322"
"160243318874","standard-sofas","UPDATE","Standard Sofas","Manual","true","","","","","195648552979","violet-sofa","323"
"160243318874","standard-sofas","UPDATE","Standard Sofas","Manual","true","","","","","195649175571","wendy-sofa","324"
"160243318874","standard-sofas","UPDATE","Standard Sofas","Manual","true","","","","","195649306643","tina-sofa","325"
"160243318874","standard-sofas","UPDATE","Standard Sofas","Manual","true","","","","","195650256915","vincent-sofa","326"
"160243318874","standard-sofas","UPDATE","Standard Sofas","Manual","true","","","","","195650420755","teresa-sofa","327"
"160243318874","standard-sofas","UPDATE","Standard Sofas","Manual","true","","","","","195651534867","sophia-sofa","328"
"160243318874","standard-sofas","UPDATE","Standard Sofas","Manual","true","","","","","195654156307","sydney-sofa","329"
"160243318874","standard-sofas","UPDATE","Standard Sofas","Manual","true","","","","","195654451219","tammy-sofa","330"
"160243318874","standard-sofas","UPDATE","Standard Sofas","Manual","true","","","","","195654615059","vicky-sofa","331"
"160243318874","standard-sofas","UPDATE","Standard Sofas","Manual","true","","","","","195654680595","zoey-sofa","332"
"160243318874","standard-sofas","UPDATE","Standard Sofas","Manual","true","","","","","195654844435","vanessa-sofa","333"
"160243318874","standard-sofas","UPDATE","Standard Sofas","Manual","true","","","","","195655237651","yolanda-sofa","334"
"160243318874","standard-sofas","UPDATE","Standard Sofas","Manual","true","","","","","195656220691","stacey-sofa-pres-day","335"
"160243318874","standard-sofas","UPDATE","Standard Sofas","Manual","true","","","","","195657007123","tonya-sofa","336"
"160243318874","standard-sofas","UPDATE","Standard Sofas","Manual","true","","","","","195658022931","wade-sofa","337"
"160243318874","standard-sofas","UPDATE","Standard Sofas","Manual","true","","","","","1344617840730","sofa-bed-105","338"
"160243318874","standard-sofas","UPDATE","Standard Sofas","Manual","true","","","","","1344618004570","sofa-bed-103","339"
"160243318874","standard-sofas","UPDATE","Standard Sofas","Manual","true","","","","","1344618070106","sofa-bed-101","340"
"160243318874","standard-sofas","UPDATE","Standard Sofas","Manual","true","","","","","1344618201178","sofa-bed-98","341"
"160243318874","standard-sofas","UPDATE","Standard Sofas","Manual","true","","","","","1344618266714","sofa-bed-96","342"
"160243318874","standard-sofas","UPDATE","Standard Sofas","Manual","true","","","","","1344618332250","sofa-bed-95","343"
"160243318874","standard-sofas","UPDATE","Standard Sofas","Manual","true","","","","","1344619020378","sofa-bed-85","344"
"160243318874","standard-sofas","UPDATE","Standard Sofas","Manual","true","","","","","1344645234778","sofa-55","345"
"160243318874","standard-sofas","UPDATE","Standard Sofas","Manual","true","","","","","1344645791834","sofa-52","346"
"160243318874","standard-sofas","UPDATE","Standard Sofas","Manual","true","","","","","1344646742106","sofa-50","347"
"160243318874","standard-sofas","UPDATE","Standard Sofas","Manual","true","","","","","1344647626842","sofa-47","348"
"160243318874","standard-sofas","UPDATE","Standard Sofas","Manual","true","","","","","1344648446042","sofa-46","349"
"160243318874","standard-sofas","UPDATE","Standard Sofas","Manual","true","","","","","1344649887834","sofa-45","350"
"160243318874","standard-sofas","UPDATE","Standard Sofas","Manual","true","","","","","1344650281050","sofa-41","351"
"160243318874","standard-sofas","UPDATE","Standard Sofas","Manual","true","","","","","1344650444890","sofa-40","352"
"160243318874","standard-sofas","UPDATE","Standard Sofas","Manual","true","","","","","1344650543194","sofa-39","353"
"160243318874","standard-sofas","UPDATE","Standard Sofas","Manual","true","","","","","1344653656154","sofa-38","354"
"160243318874","standard-sofas","UPDATE","Standard Sofas","Manual","true","","","","","1344654016602","sofa-35","355"
"160243318874","standard-sofas","UPDATE","Standard Sofas","Manual","true","","","","","1344654082138","sofa-34","356"
"160243318874","standard-sofas","UPDATE","Standard Sofas","Manual","true","","","","","1344654344282","sofa-32","357"
"160243318874","standard-sofas","UPDATE","Standard Sofas","Manual","true","","","","","1344654508122","sofa-31","358"
"160243318874","standard-sofas","UPDATE","Standard Sofas","Manual","true","","","","","1344654671962","sofa-30","359"
"160243318874","standard-sofas","UPDATE","Standard Sofas","Manual","true","","","","","1344654835802","sofa-29","360"
"160243318874","standard-sofas","UPDATE","Standard Sofas","Manual","true","","","","","1344655163482","sofa-27","361"
"160243318874","standard-sofas","UPDATE","Standard Sofas","Manual","true","","","","","1344655261786","sofa-26","362"
"160243318874","standard-sofas","UPDATE","Standard Sofas","Manual","true","","","","","1344655425626","sofa-25","363"
"160243318874","standard-sofas","UPDATE","Standard Sofas","Manual","true","","","","","1344656212058","sofa-24","364"
"160243318874","standard-sofas","UPDATE","Standard Sofas","Manual","true","","","","","1344657260634","sofa-23","365"
"160243318874","standard-sofas","UPDATE","Standard Sofas","Manual","true","","","","","1344659423322","sofa-17","366"
"160243318874","standard-sofas","UPDATE","Standard Sofas","Manual","true","","","","","1344659947610","sofa-16","367"
"160243318874","standard-sofas","UPDATE","Standard Sofas","Manual","true","","","","","1344660734042","sofa-15","368"
"160243318874","standard-sofas","UPDATE","Standard Sofas","Manual","true","","","","","1344661979226","sofa-14","369"
"160243318874","standard-sofas","UPDATE","Standard Sofas","Manual","true","","","","","1344662995034","sofa-13","370"
"160243318874","standard-sofas","UPDATE","Standard Sofas","Manual","true","","","","","1344665911386","sofa-11","371"
"160243318874","standard-sofas","UPDATE","Standard Sofas","Manual","true","","","","","1344670105690","sofa-1","372"
"160243318874","standard-sofas","UPDATE","Standard Sofas","Manual","true","","","","","1496038604890","trae-sofa","373"
"160243318874","standard-sofas","UPDATE","Standard Sofas","Manual","true","","","","","1619465699418","winnsboro-sofa","374"
"160243318874","standard-sofas","UPDATE","Standard Sofas","Manual","true","","","","","1676957483098","winny-sofa-1","375"
"160243318874","standard-sofas","UPDATE","Standard Sofas","Manual","true","","","","","1818432208986","tarmoli-sofa","376"
"160243318874","standard-sofas","UPDATE","Standard Sofas","Manual","true","","","","","1845055127642","strace-sofa","377"
"160243318874","standard-sofas","UPDATE","Standard Sofas","Manual","true","","","","","1854849024090","toby-sofa","378"
"160243318874","standard-sofas","UPDATE","Standard Sofas","Manual","true","","","","","1867506712666","wester-sofa","379"
"160243318874","standard-sofas","UPDATE","Standard Sofas","Manual","true","","","","","1867530305626","speyar-sofa","380"
"160243318874","standard-sofas","UPDATE","Standard Sofas","Manual","true","","","","","1867554979930","sole-sofa","381"
"160243318874","standard-sofas","UPDATE","Standard Sofas","Manual","true","","","","","1867559403610","solee-sofa","382"
"160243318874","standard-sofas","UPDATE","Standard Sofas","Manual","true","","","","","1867563204698","strehela-sofa","383"
"160243318874","standard-sofas","UPDATE","Standard Sofas","Manual","true","","","","","1934352777306","sydney-living-room-set","384"
"160243318874","standard-sofas","UPDATE","Standard Sofas","Manual","true","","","","","4161572896858","speedy-sofa","385"
"160243318874","standard-sofas","UPDATE","Standard Sofas","Manual","true","","","","","4482024079450","soletren-sofa","386"
"160243318874","standard-sofas","UPDATE","Standard Sofas","Manual","true","","","","","4492085067866","sylewood-sofa","387"
"160243318874","standard-sofas","UPDATE","Standard Sofas","Manual","true","","","","","4506967900250","test-sofa","388"
"160243318874","standard-sofas","UPDATE","Standard Sofas","Manual","true","","","","","4524379308122","stewart-sofa","389"
